"INCDATE","month","V20061","offense_code","offense_category"
2023-09-20,2023-09-01,132,132,"Assault"
2023-10-20,2023-10-01,238,238,"Theft/Fraud/Burglary"
2023-09-23,2023-09-01,132,132,"Assault"
2023-03-28,2023-03-01,280,280,"Theft/Fraud/Burglary"
2023-11-27,2023-11-01,280,280,"Theft/Fraud/Burglary"
2023-09-16,2023-09-01,290,290,"Vandalism"
2023-05-20,2023-05-01,131,131,"Assault"
2023-01-16,2023-01-01,132,132,"Assault"
2023-04-20,2023-04-01,290,290,"Vandalism"
2023-04-20,2023-04-01,133,133,"Intimidation"
2023-04-20,2023-04-01,133,133,"Intimidation"
2023-06-26,2023-06-01,132,132,"Assault"
2023-05-25,2023-05-01,238,238,"Theft/Fraud/Burglary"
2023-11-24,2023-11-01,133,133,"Intimidation"
2023-10-14,2023-10-01,131,131,"Assault"
2023-03-16,2023-03-01,133,133,"Intimidation"
2023-10-20,2023-10-01,290,290,"Vandalism"
2023-08-19,2023-08-01,131,131,"Assault"
2023-05-20,2023-05-01,132,132,"Assault"
2023-06-20,2023-06-01,132,132,"Assault"
2023-06-20,2023-06-01,131,131,"Assault"
2023-11-20,2023-11-01,290,290,"Vandalism"
2023-01-21,2023-01-01,132,132,"Assault"
2023-02-20,2023-02-01,132,132,"Assault"
2023-10-17,2023-10-01,132,132,"Assault"
2023-01-28,2023-01-01,131,131,"Assault"
2023-01-20,2023-01-01,290,290,"Vandalism"
2023-07-20,2023-07-01,133,133,"Intimidation"
2023-06-20,2023-06-01,238,238,"Theft/Fraud/Burglary"
2023-05-30,2023-05-01,233,233,"Theft/Fraud/Burglary"
2023-06-20,2023-06-01,290,290,"Vandalism"
2023-11-30,2023-11-01,233,233,"Theft/Fraud/Burglary"
2023-01-20,2023-01-01,132,132,"Assault"
2023-08-20,2023-08-01,131,131,"Assault"
2023-11-20,2023-11-01,132,132,"Assault"
2023-09-26,2023-09-01,131,131,"Assault"
2023-10-20,2023-10-01,290,290,"Vandalism"
2023-12-20,2023-12-01,133,133,"Intimidation"
2023-10-21,2023-10-01,132,132,"Assault"
2023-10-24,2023-10-01,133,133,"Intimidation"
2023-03-17,2023-03-01,131,131,"Assault"
2023-09-21,2023-09-01,131,131,"Assault"
2023-06-26,2023-06-01,91,91,"Other"
2023-09-20,2023-09-01,234,234,"Theft/Fraud/Burglary"
2023-02-22,2023-02-01,132,132,"Assault"
2023-09-25,2023-09-01,132,132,"Assault"
2023-11-28,2023-11-01,132,132,"Assault"
2023-12-20,2023-12-01,133,133,"Intimidation"
2023-04-20,2023-04-01,132,132,"Assault"
2023-07-21,2023-07-01,220,220,"Theft/Fraud/Burglary"
2023-06-20,2023-06-01,131,131,"Assault"
2023-07-20,2023-07-01,520,520,"Drug/Weapons Violation"
2023-11-30,2023-11-01,270,270,"Theft/Fraud/Burglary"
2023-06-20,2023-06-01,131,131,"Assault"
2023-01-22,2023-01-01,133,133,"Intimidation"
2023-02-13,2023-02-01,133,133,"Intimidation"
2023-06-28,2023-06-01,238,238,"Theft/Fraud/Burglary"
2023-08-28,2023-08-01,290,290,"Vandalism"
2023-04-20,2023-04-01,133,133,"Intimidation"
2023-10-19,2023-10-01,132,132,"Assault"
2023-01-20,2023-01-01,132,132,"Assault"
2023-10-20,2023-10-01,132,132,"Assault"
2023-05-20,2023-05-01,133,133,"Intimidation"
2023-08-13,2023-08-01,132,132,"Assault"
2023-09-20,2023-09-01,290,290,"Vandalism"
2023-01-20,2023-01-01,290,290,"Vandalism"
2023-11-28,2023-11-01,290,290,"Vandalism"
2023-08-20,2023-08-01,131,131,"Assault"
2023-06-20,2023-06-01,133,133,"Intimidation"
2023-01-20,2023-01-01,133,133,"Intimidation"
2023-09-30,2023-09-01,132,132,"Assault"
2023-06-20,2023-06-01,290,290,"Vandalism"
2023-11-20,2023-11-01,133,133,"Intimidation"
2023-10-22,2023-10-01,133,133,"Intimidation"
2023-10-23,2023-10-01,133,133,"Intimidation"
2023-12-13,2023-12-01,133,133,"Intimidation"
2023-08-13,2023-08-01,131,131,"Assault"
2023-10-27,2023-10-01,290,290,"Vandalism"
2023-05-20,2023-05-01,133,133,"Intimidation"
2023-02-18,2023-02-01,351,351,"Drug/Weapons Violation"
2023-11-15,2023-11-01,240,240,"Theft/Fraud/Burglary"
2023-07-20,2023-07-01,131,131,"Assault"
2023-02-24,2023-02-01,132,132,"Assault"
2023-12-27,2023-12-01,238,238,"Theft/Fraud/Burglary"
2023-08-25,2023-08-01,132,132,"Assault"
2023-12-26,2023-12-01,520,520,"Drug/Weapons Violation"
2023-03-19,2023-03-01,133,133,"Intimidation"
2023-01-16,2023-01-01,132,132,"Assault"
2023-12-15,2023-12-01,132,132,"Assault"
2023-03-20,2023-03-01,133,133,"Intimidation"
2023-04-29,2023-04-01,131,131,"Assault"
2023-10-26,2023-10-01,133,133,"Intimidation"
2023-05-14,2023-05-01,133,133,"Intimidation"
2023-01-20,2023-01-01,131,131,"Assault"
2023-08-20,2023-08-01,200,200,"Theft/Fraud/Burglary"
2023-09-20,2023-09-01,133,133,"Intimidation"
2023-11-15,2023-11-01,133,133,"Intimidation"
2023-09-20,2023-09-01,131,131,"Assault"
2023-01-20,2023-01-01,131,131,"Assault"
2023-03-16,2023-03-01,132,132,"Assault"
2023-12-20,2023-12-01,132,132,"Assault"
2023-01-20,2023-01-01,132,132,"Assault"
2023-06-30,2023-06-01,132,132,"Assault"
2023-08-20,2023-08-01,351,351,"Drug/Weapons Violation"
2023-04-30,2023-04-01,237,237,"Theft/Fraud/Burglary"
2023-07-31,2023-07-01,131,131,"Assault"
2023-09-18,2023-09-01,261,261,"Theft/Fraud/Burglary"
2023-10-22,2023-10-01,132,132,"Assault"
2023-12-15,2023-12-01,132,132,"Assault"
2023-07-30,2023-07-01,132,132,"Assault"
2023-09-23,2023-09-01,133,133,"Intimidation"
2023-11-25,2023-11-01,132,132,"Assault"
2023-12-28,2023-12-01,111,111,"Sexual Offense"
2023-06-20,2023-06-01,132,132,"Assault"
2023-01-20,2023-01-01,133,133,"Intimidation"
2023-04-20,2023-04-01,133,133,"Intimidation"
2023-03-22,2023-03-01,133,133,"Intimidation"
2023-12-22,2023-12-01,133,133,"Intimidation"
2023-10-26,2023-10-01,133,133,"Intimidation"
2023-04-20,2023-04-01,133,133,"Intimidation"
2023-03-17,2023-03-01,133,133,"Intimidation"
2023-10-30,2023-10-01,133,133,"Intimidation"
2023-12-20,2023-12-01,133,133,"Intimidation"
2023-12-20,2023-12-01,132,132,"Assault"
2023-09-30,2023-09-01,133,133,"Intimidation"
2023-10-31,2023-10-01,133,133,"Intimidation"
2023-10-20,2023-10-01,133,133,"Intimidation"
2023-03-20,2023-03-01,133,133,"Intimidation"
2023-06-20,2023-06-01,133,133,"Intimidation"
2023-03-20,2023-03-01,132,132,"Assault"
2023-02-20,2023-02-01,133,133,"Intimidation"
2023-02-21,2023-02-01,133,133,"Intimidation"
2023-01-18,2023-01-01,133,133,"Intimidation"
2023-10-17,2023-10-01,290,290,"Vandalism"
2023-05-19,2023-05-01,132,132,"Assault"
2023-04-14,2023-04-01,132,132,"Assault"
2023-11-20,2023-11-01,236,236,"Theft/Fraud/Burglary"
2023-09-28,2023-09-01,131,131,"Assault"
2023-04-21,2023-04-01,133,133,"Intimidation"
2023-01-28,2023-01-01,131,131,"Assault"
2023-10-18,2023-10-01,133,133,"Intimidation"
2023-11-20,2023-11-01,236,236,"Theft/Fraud/Burglary"
2023-05-20,2023-05-01,351,351,"Drug/Weapons Violation"
2023-01-25,2023-01-01,114,114,"Sexual Offense"
2023-06-20,2023-06-01,351,351,"Drug/Weapons Violation"
2023-04-20,2023-04-01,132,132,"Assault"
2023-05-20,2023-05-01,132,132,"Assault"
2023-04-14,2023-04-01,290,290,"Vandalism"
2023-11-20,2023-11-01,266,266,"Theft/Fraud/Burglary"
2023-07-20,2023-07-01,238,238,"Theft/Fraud/Burglary"
2023-09-20,2023-09-01,233,233,"Theft/Fraud/Burglary"
2023-02-19,2023-02-01,238,238,"Theft/Fraud/Burglary"
2023-04-16,2023-04-01,233,233,"Theft/Fraud/Burglary"
2023-02-27,2023-02-01,233,233,"Theft/Fraud/Burglary"
2023-06-25,2023-06-01,240,240,"Theft/Fraud/Burglary"
2023-12-16,2023-12-01,236,236,"Theft/Fraud/Burglary"
2023-07-31,2023-07-01,133,133,"Intimidation"
2023-11-17,2023-11-01,132,132,"Assault"
2023-05-16,2023-05-01,133,133,"Intimidation"
2023-05-17,2023-05-01,132,132,"Assault"
2023-11-16,2023-11-01,131,131,"Assault"
2023-10-20,2023-10-01,133,133,"Intimidation"
2023-03-20,2023-03-01,132,132,"Assault"
2023-10-22,2023-10-01,131,131,"Assault"
2023-04-30,2023-04-01,133,133,"Intimidation"
2023-09-20,2023-09-01,133,133,"Intimidation"
2023-03-18,2023-03-01,131,131,"Assault"
2023-10-13,2023-10-01,132,132,"Assault"
2023-04-19,2023-04-01,133,133,"Intimidation"
2023-06-20,2023-06-01,290,290,"Vandalism"
2023-11-29,2023-11-01,233,233,"Theft/Fraud/Burglary"
2023-12-21,2023-12-01,238,238,"Theft/Fraud/Burglary"
2023-10-20,2023-10-01,290,290,"Vandalism"
2023-06-16,2023-06-01,233,233,"Theft/Fraud/Burglary"
2023-09-20,2023-09-01,233,233,"Theft/Fraud/Burglary"
2023-12-20,2023-12-01,131,131,"Assault"
2023-06-20,2023-06-01,133,133,"Intimidation"
2023-07-20,2023-07-01,351,351,"Drug/Weapons Violation"
2023-05-20,2023-05-01,238,238,"Theft/Fraud/Burglary"
2023-11-20,2023-11-01,132,132,"Assault"
2023-07-20,2023-07-01,240,240,"Theft/Fraud/Burglary"
2023-12-13,2023-12-01,236,236,"Theft/Fraud/Burglary"
2023-12-19,2023-12-01,351,351,"Drug/Weapons Violation"
2023-07-21,2023-07-01,290,290,"Vandalism"
2023-06-20,2023-06-01,250,250,"Theft/Fraud/Burglary"
2023-08-23,2023-08-01,236,236,"Theft/Fraud/Burglary"
2023-08-20,2023-08-01,131,131,"Assault"
2023-04-20,2023-04-01,132,132,"Assault"
2023-03-17,2023-03-01,132,132,"Assault"
2023-01-20,2023-01-01,133,133,"Intimidation"
2023-11-26,2023-11-01,133,133,"Intimidation"
2023-10-27,2023-10-01,132,132,"Assault"
2023-07-13,2023-07-01,290,290,"Vandalism"
2023-10-16,2023-10-01,234,234,"Theft/Fraud/Burglary"
2023-05-25,2023-05-01,132,132,"Assault"
2023-10-30,2023-10-01,290,290,"Vandalism"
2023-08-20,2023-08-01,352,352,"Drug/Weapons Violation"
2023-07-19,2023-07-01,133,133,"Intimidation"
2023-10-24,2023-10-01,133,133,"Intimidation"
2023-03-20,2023-03-01,132,132,"Assault"
2023-06-20,2023-06-01,132,132,"Assault"
2023-11-16,2023-11-01,238,238,"Theft/Fraud/Burglary"
2023-12-20,2023-12-01,290,290,"Vandalism"
2023-10-17,2023-10-01,132,132,"Assault"
2023-12-20,2023-12-01,132,132,"Assault"
2023-08-20,2023-08-01,132,132,"Assault"
2023-08-20,2023-08-01,132,132,"Assault"
2023-03-20,2023-03-01,263,263,"Theft/Fraud/Burglary"
2023-09-17,2023-09-01,240,240,"Theft/Fraud/Burglary"
2023-12-23,2023-12-01,220,220,"Theft/Fraud/Burglary"
2023-10-18,2023-10-01,290,290,"Vandalism"
2023-09-15,2023-09-01,238,238,"Theft/Fraud/Burglary"
2023-07-20,2023-07-01,131,131,"Assault"
2023-05-20,2023-05-01,290,290,"Vandalism"
2023-09-13,2023-09-01,720,720,"Other"
2023-09-20,2023-09-01,131,131,"Assault"
2023-11-20,2023-11-01,131,131,"Assault"
2023-03-20,2023-03-01,132,132,"Assault"
2023-01-16,2023-01-01,132,132,"Assault"
2023-12-15,2023-12-01,132,132,"Assault"
2023-02-23,2023-02-01,352,352,"Drug/Weapons Violation"
2023-07-20,2023-07-01,132,132,"Assault"
2023-08-20,2023-08-01,131,131,"Assault"
2023-08-20,2023-08-01,132,132,"Assault"
2022-05-23,2022-05-01,133,133,"Intimidation"
2022-01-13,2022-01-01,131,131,"Assault"
2022-01-25,2022-01-01,351,351,"Drug/Weapons Violation"
2022-11-17,2022-11-01,351,351,"Drug/Weapons Violation"
2022-12-25,2022-12-01,237,237,"Theft/Fraud/Burglary"
2022-04-30,2022-04-01,131,131,"Assault"
2022-05-21,2022-05-01,133,133,"Intimidation"
2022-02-20,2022-02-01,290,290,"Vandalism"
2022-05-18,2022-05-01,131,131,"Assault"
2022-02-20,2022-02-01,132,132,"Assault"
2022-05-20,2022-05-01,131,131,"Assault"
2022-01-20,2022-01-01,132,132,"Assault"
2022-03-31,2022-03-01,120,120,"Theft/Fraud/Burglary"
2022-04-20,2022-04-01,131,131,"Assault"
2022-05-20,2022-05-01,280,280,"Theft/Fraud/Burglary"
2022-11-20,2022-11-01,132,132,"Assault"
2022-03-28,2022-03-01,132,132,"Assault"
2022-08-14,2022-08-01,131,131,"Assault"
2022-02-27,2022-02-01,290,290,"Vandalism"
2022-06-14,2022-06-01,133,133,"Intimidation"
2022-12-20,2022-12-01,131,131,"Assault"
2022-03-22,2022-03-01,290,290,"Vandalism"
2022-03-24,2022-03-01,236,236,"Theft/Fraud/Burglary"
2022-10-13,2022-10-01,236,236,"Theft/Fraud/Burglary"
2022-06-14,2022-06-01,240,240,"Theft/Fraud/Burglary"
2022-07-26,2022-07-01,290,290,"Vandalism"
2022-03-20,2022-03-01,236,236,"Theft/Fraud/Burglary"
2022-11-24,2022-11-01,236,236,"Theft/Fraud/Burglary"
2022-12-29,2022-12-01,132,132,"Assault"
2022-03-30,2022-03-01,220,220,"Theft/Fraud/Burglary"
2022-04-20,2022-04-01,236,236,"Theft/Fraud/Burglary"
2022-04-20,2022-04-01,200,200,"Theft/Fraud/Burglary"
2022-06-14,2022-06-01,250,250,"Theft/Fraud/Burglary"
2022-06-27,2022-06-01,236,236,"Theft/Fraud/Burglary"
2022-01-20,2022-01-01,240,240,"Theft/Fraud/Burglary"
2022-08-19,2022-08-01,236,236,"Theft/Fraud/Burglary"
2022-12-20,2022-12-01,266,266,"Theft/Fraud/Burglary"
2022-08-14,2022-08-01,236,236,"Theft/Fraud/Burglary"
2022-01-20,2022-01-01,290,290,"Vandalism"
2022-11-25,2022-11-01,220,220,"Theft/Fraud/Burglary"
2022-11-20,2022-11-01,236,236,"Theft/Fraud/Burglary"
2022-12-20,2022-12-01,220,220,"Theft/Fraud/Burglary"
2022-10-20,2022-10-01,131,131,"Assault"
2022-09-20,2022-09-01,233,233,"Theft/Fraud/Burglary"
2022-05-18,2022-05-01,131,131,"Assault"
2022-10-20,2022-10-01,236,236,"Theft/Fraud/Burglary"
2022-07-29,2022-07-01,131,131,"Assault"
2022-07-17,2022-07-01,238,238,"Theft/Fraud/Burglary"
2022-11-23,2022-11-01,133,133,"Intimidation"
2022-11-21,2022-11-01,238,238,"Theft/Fraud/Burglary"
2022-06-20,2022-06-01,120,120,"Theft/Fraud/Burglary"
2022-07-29,2022-07-01,133,133,"Intimidation"
2022-08-19,2022-08-01,132,132,"Assault"
2022-02-20,2022-02-01,238,238,"Theft/Fraud/Burglary"
2022-04-14,2022-04-01,133,133,"Intimidation"
2022-08-20,2022-08-01,290,290,"Vandalism"
2022-04-29,2022-04-01,132,132,"Assault"
2022-05-23,2022-05-01,290,290,"Vandalism"
2022-12-20,2022-12-01,290,290,"Vandalism"
2022-05-17,2022-05-01,132,132,"Assault"
2022-11-27,2022-11-01,133,133,"Intimidation"
2022-10-20,2022-10-01,351,351,"Drug/Weapons Violation"
2022-03-20,2022-03-01,132,132,"Assault"
2022-08-18,2022-08-01,133,133,"Intimidation"
2022-10-21,2022-10-01,351,351,"Drug/Weapons Violation"
2022-09-13,2022-09-01,351,351,"Drug/Weapons Violation"
2022-09-15,2022-09-01,351,351,"Drug/Weapons Violation"
2022-08-17,2022-08-01,133,133,"Intimidation"
2022-10-31,2022-10-01,133,133,"Intimidation"
2022-12-29,2022-12-01,133,133,"Intimidation"
2022-02-18,2022-02-01,133,133,"Intimidation"
2022-04-23,2022-04-01,133,133,"Intimidation"
2022-04-20,2022-04-01,132,132,"Assault"
2022-03-18,2022-03-01,132,132,"Assault"
2022-11-13,2022-11-01,351,351,"Drug/Weapons Violation"
2022-03-20,2022-03-01,351,351,"Drug/Weapons Violation"
2022-08-24,2022-08-01,237,237,"Theft/Fraud/Burglary"
2022-06-14,2022-06-01,351,351,"Drug/Weapons Violation"
2022-07-30,2022-07-01,240,240,"Theft/Fraud/Burglary"
2022-09-18,2022-09-01,132,132,"Assault"
2022-09-29,2022-09-01,220,220,"Theft/Fraud/Burglary"
2022-01-25,2022-01-01,266,266,"Theft/Fraud/Burglary"
2022-05-29,2022-05-01,131,131,"Assault"
2022-03-21,2022-03-01,238,238,"Theft/Fraud/Burglary"
2022-06-20,2022-06-01,132,132,"Assault"
2022-04-18,2022-04-01,290,290,"Vandalism"
2022-05-20,2022-05-01,132,132,"Assault"
2022-07-20,2022-07-01,133,133,"Intimidation"
2022-10-29,2022-10-01,133,133,"Intimidation"
2022-03-16,2022-03-01,132,132,"Assault"
2022-03-31,2022-03-01,133,133,"Intimidation"
2022-07-20,2022-07-01,132,132,"Assault"
2022-01-20,2022-01-01,132,132,"Assault"
2022-05-14,2022-05-01,132,132,"Assault"
2022-07-30,2022-07-01,133,133,"Intimidation"
2022-12-20,2022-12-01,133,133,"Intimidation"
2022-08-20,2022-08-01,133,133,"Intimidation"
2022-06-13,2022-06-01,220,220,"Theft/Fraud/Burglary"
2022-02-20,2022-02-01,133,133,"Intimidation"
2022-07-21,2022-07-01,132,132,"Assault"
2022-01-20,2022-01-01,133,133,"Intimidation"
2022-08-14,2022-08-01,132,132,"Assault"
2022-10-20,2022-10-01,132,132,"Assault"
2022-02-16,2022-02-01,132,132,"Assault"
2022-06-19,2022-06-01,133,133,"Intimidation"
2022-02-14,2022-02-01,132,132,"Assault"
2022-05-20,2022-05-01,131,131,"Assault"
2022-09-20,2022-09-01,132,132,"Assault"
2022-11-17,2022-11-01,351,351,"Drug/Weapons Violation"
2022-12-25,2022-12-01,132,132,"Assault"
2022-11-20,2022-11-01,240,240,"Theft/Fraud/Burglary"
2022-05-18,2022-05-01,131,131,"Assault"
2022-06-20,2022-06-01,220,220,"Theft/Fraud/Burglary"
2022-01-20,2022-01-01,234,234,"Theft/Fraud/Burglary"
2022-04-20,2022-04-01,132,132,"Assault"
2022-02-20,2022-02-01,131,131,"Assault"
2022-10-20,2022-10-01,290,290,"Vandalism"
2022-07-20,2022-07-01,133,133,"Intimidation"
2022-12-25,2022-12-01,240,240,"Theft/Fraud/Burglary"
2022-04-20,2022-04-01,280,280,"Theft/Fraud/Burglary"
2022-07-20,2022-07-01,351,351,"Drug/Weapons Violation"
2022-02-23,2022-02-01,351,351,"Drug/Weapons Violation"
2022-11-22,2022-11-01,132,132,"Assault"
2022-06-28,2022-06-01,234,234,"Theft/Fraud/Burglary"
2022-11-29,2022-11-01,133,133,"Intimidation"
2022-11-19,2022-11-01,132,132,"Assault"
2022-09-18,2022-09-01,133,133,"Intimidation"
2022-06-20,2022-06-01,133,133,"Intimidation"
2022-04-20,2022-04-01,132,132,"Assault"
2022-01-16,2022-01-01,133,133,"Intimidation"
2022-06-25,2022-06-01,351,351,"Drug/Weapons Violation"
2022-03-29,2022-03-01,290,290,"Vandalism"
2022-08-20,2022-08-01,133,133,"Intimidation"
2022-02-20,2022-02-01,133,133,"Intimidation"
2022-02-21,2022-02-01,132,132,"Assault"
2022-07-30,2022-07-01,233,233,"Theft/Fraud/Burglary"
2022-03-19,2022-03-01,133,133,"Intimidation"
2022-04-20,2022-04-01,133,133,"Intimidation"
2022-07-20,2022-07-01,133,133,"Intimidation"
2022-11-20,2022-11-01,133,133,"Intimidation"
2022-07-20,2022-07-01,290,290,"Vandalism"
2022-11-20,2022-11-01,132,132,"Assault"
2022-10-26,2022-10-01,238,238,"Theft/Fraud/Burglary"
2022-11-18,2022-11-01,351,351,"Drug/Weapons Violation"
2022-09-28,2022-09-01,236,236,"Theft/Fraud/Burglary"
2022-12-20,2022-12-01,133,133,"Intimidation"
2022-02-20,2022-02-01,236,236,"Theft/Fraud/Burglary"
2022-03-28,2022-03-01,132,132,"Assault"
2022-12-13,2022-12-01,266,266,"Theft/Fraud/Burglary"
2022-12-21,2022-12-01,290,290,"Vandalism"
2022-12-20,2022-12-01,232,232,"Theft/Fraud/Burglary"
2022-09-15,2022-09-01,132,132,"Assault"
2022-06-20,2022-06-01,133,133,"Intimidation"
2022-01-24,2022-01-01,132,132,"Assault"
2022-11-20,2022-11-01,233,233,"Theft/Fraud/Burglary"
2022-03-18,2022-03-01,133,133,"Intimidation"
2022-07-24,2022-07-01,290,290,"Vandalism"
2022-02-20,2022-02-01,133,133,"Intimidation"
2022-05-30,2022-05-01,133,133,"Intimidation"
2022-12-20,2022-12-01,266,266,"Theft/Fraud/Burglary"
2022-06-28,2022-06-01,131,131,"Assault"
2022-03-28,2022-03-01,131,131,"Assault"
2022-08-20,2022-08-01,132,132,"Assault"
2022-11-29,2022-11-01,290,290,"Vandalism"
2022-10-20,2022-10-01,131,131,"Assault"
2022-10-31,2022-10-01,133,133,"Intimidation"
2022-04-20,2022-04-01,133,133,"Intimidation"
2022-12-20,2022-12-01,133,133,"Intimidation"
2022-06-20,2022-06-01,238,238,"Theft/Fraud/Burglary"
2022-10-27,2022-10-01,351,351,"Drug/Weapons Violation"
2022-06-23,2022-06-01,351,351,"Drug/Weapons Violation"
2022-03-30,2022-03-01,351,351,"Drug/Weapons Violation"
2022-12-14,2022-12-01,351,351,"Drug/Weapons Violation"
2022-09-21,2022-09-01,351,351,"Drug/Weapons Violation"
2022-01-23,2022-01-01,131,131,"Assault"
2022-12-20,2022-12-01,132,132,"Assault"
2022-04-20,2022-04-01,132,132,"Assault"
2022-07-31,2022-07-01,238,238,"Theft/Fraud/Burglary"
2022-12-18,2022-12-01,235,235,"Theft/Fraud/Burglary"
2022-06-25,2022-06-01,114,114,"Sexual Offense"
2022-12-20,2022-12-01,131,131,"Assault"
2022-04-20,2022-04-01,236,236,"Theft/Fraud/Burglary"
2022-08-20,2022-08-01,237,237,"Theft/Fraud/Burglary"
2022-12-20,2022-12-01,236,236,"Theft/Fraud/Burglary"
2022-10-20,2022-10-01,290,290,"Vandalism"
2022-06-20,2022-06-01,238,238,"Theft/Fraud/Burglary"
2022-10-17,2022-10-01,233,233,"Theft/Fraud/Burglary"
2022-11-14,2022-11-01,114,114,"Sexual Offense"
2022-09-21,2022-09-01,290,290,"Vandalism"
2022-10-23,2022-10-01,132,132,"Assault"
2022-11-30,2022-11-01,132,132,"Assault"
2022-07-20,2022-07-01,132,132,"Assault"
2022-04-27,2022-04-01,520,520,"Drug/Weapons Violation"
2022-10-23,2022-10-01,132,132,"Assault"
2022-04-20,2022-04-01,261,261,"Theft/Fraud/Burglary"
2022-05-20,2022-05-01,351,351,"Drug/Weapons Violation"
2022-03-24,2022-03-01,233,233,"Theft/Fraud/Burglary"
2022-10-28,2022-10-01,132,132,"Assault"
2022-08-13,2022-08-01,131,131,"Assault"
2022-03-17,2022-03-01,133,133,"Intimidation"
2022-12-20,2022-12-01,290,290,"Vandalism"
2022-11-20,2022-11-01,133,133,"Intimidation"
2022-10-29,2022-10-01,131,131,"Assault"
2022-04-20,2022-04-01,133,133,"Intimidation"
2022-12-20,2022-12-01,290,290,"Vandalism"
2022-01-26,2022-01-01,240,240,"Theft/Fraud/Burglary"
2022-02-23,2022-02-01,240,240,"Theft/Fraud/Burglary"
2022-06-25,2022-06-01,132,132,"Assault"
2022-06-25,2022-06-01,132,132,"Assault"
2022-08-20,2022-08-01,133,133,"Intimidation"
2022-04-20,2022-04-01,132,132,"Assault"
2022-09-15,2022-09-01,133,133,"Intimidation"
2022-09-13,2022-09-01,131,131,"Assault"
2022-08-20,2022-08-01,351,351,"Drug/Weapons Violation"
2022-09-20,2022-09-01,240,240,"Theft/Fraud/Burglary"
2022-07-25,2022-07-01,238,238,"Theft/Fraud/Burglary"
2022-01-20,2022-01-01,133,133,"Intimidation"
2022-04-20,2022-04-01,133,133,"Intimidation"
2022-10-20,2022-10-01,132,132,"Assault"
2022-06-20,2022-06-01,233,233,"Theft/Fraud/Burglary"
2022-06-13,2022-06-01,233,233,"Theft/Fraud/Burglary"
2022-07-24,2022-07-01,132,132,"Assault"
2021-10-20,2021-10-01,234,234,"Theft/Fraud/Burglary"
2021-11-28,2021-11-01,133,133,"Intimidation"
2021-07-28,2021-07-01,351,351,"Drug/Weapons Violation"
2021-02-28,2021-02-01,132,132,"Assault"
2021-05-15,2021-05-01,131,131,"Assault"
2021-08-18,2021-08-01,261,261,"Theft/Fraud/Burglary"
2021-07-20,2021-07-01,133,133,"Intimidation"
2021-09-20,2021-09-01,131,131,"Assault"
2021-05-20,2021-05-01,131,131,"Assault"
2021-07-20,2021-07-01,133,133,"Intimidation"
2021-07-20,2021-07-01,133,133,"Intimidation"
2021-09-24,2021-09-01,132,132,"Assault"
2021-06-18,2021-06-01,290,290,"Vandalism"
2021-11-20,2021-11-01,266,266,"Theft/Fraud/Burglary"
2021-01-20,2021-01-01,131,131,"Assault"
2021-11-30,2021-11-01,132,132,"Assault"
2021-02-20,2021-02-01,133,133,"Intimidation"
2021-10-20,2021-10-01,290,290,"Vandalism"
2021-11-24,2021-11-01,131,131,"Assault"
2021-12-20,2021-12-01,133,133,"Intimidation"
2021-09-26,2021-09-01,132,132,"Assault"
2021-03-20,2021-03-01,132,132,"Assault"
2021-08-20,2021-08-01,132,132,"Assault"
2021-12-24,2021-12-01,264,264,"Theft/Fraud/Burglary"
2021-05-18,2021-05-01,132,132,"Assault"
2021-08-25,2021-08-01,236,236,"Theft/Fraud/Burglary"
2021-10-20,2021-10-01,200,200,"Theft/Fraud/Burglary"
2021-08-30,2021-08-01,133,133,"Intimidation"
2021-11-20,2021-11-01,133,133,"Intimidation"
2021-07-20,2021-07-01,133,133,"Intimidation"
2021-08-29,2021-08-01,133,133,"Intimidation"
2021-09-23,2021-09-01,133,133,"Intimidation"
2021-09-20,2021-09-01,133,133,"Intimidation"
2021-12-30,2021-12-01,133,133,"Intimidation"
2021-09-20,2021-09-01,131,131,"Assault"
2021-09-18,2021-09-01,133,133,"Intimidation"
2021-06-13,2021-06-01,132,132,"Assault"
2021-03-20,2021-03-01,290,290,"Vandalism"
2021-07-20,2021-07-01,290,290,"Vandalism"
2021-09-20,2021-09-01,133,133,"Intimidation"
2021-12-20,2021-12-01,290,290,"Vandalism"
2021-10-19,2021-10-01,133,133,"Intimidation"
2021-07-14,2021-07-01,131,131,"Assault"
2021-05-18,2021-05-01,133,133,"Intimidation"
2021-12-17,2021-12-01,132,132,"Assault"
2021-06-23,2021-06-01,290,290,"Vandalism"
2021-02-25,2021-02-01,133,133,"Intimidation"
2021-09-21,2021-09-01,132,132,"Assault"
2021-04-28,2021-04-01,132,132,"Assault"
2021-10-20,2021-10-01,236,236,"Theft/Fraud/Burglary"
2021-07-25,2021-07-01,132,132,"Assault"
2021-12-24,2021-12-01,132,132,"Assault"
2021-03-20,2021-03-01,520,520,"Drug/Weapons Violation"
2021-04-20,2021-04-01,133,133,"Intimidation"
2021-04-23,2021-04-01,351,351,"Drug/Weapons Violation"
2021-12-20,2021-12-01,132,132,"Assault"
2021-01-18,2021-01-01,370,370,"Other"
2021-05-24,2021-05-01,133,133,"Intimidation"
2021-02-14,2021-02-01,132,132,"Assault"
2021-06-16,2021-06-01,133,133,"Intimidation"
2021-11-30,2021-11-01,520,520,"Drug/Weapons Violation"
2021-10-17,2021-10-01,240,240,"Theft/Fraud/Burglary"
2021-07-31,2021-07-01,131,131,"Assault"
2021-05-29,2021-05-01,132,132,"Assault"
2021-03-24,2021-03-01,131,131,"Assault"
2021-05-16,2021-05-01,131,131,"Assault"
2021-09-20,2021-09-01,290,290,"Vandalism"
2021-10-20,2021-10-01,132,132,"Assault"
2021-09-28,2021-09-01,290,290,"Vandalism"
2021-02-14,2021-02-01,133,133,"Intimidation"
2021-08-20,2021-08-01,133,133,"Intimidation"
2021-05-23,2021-05-01,234,234,"Theft/Fraud/Burglary"
2021-09-17,2021-09-01,133,133,"Intimidation"
2021-10-27,2021-10-01,131,131,"Assault"
2021-05-17,2021-05-01,132,132,"Assault"
2021-05-20,2021-05-01,132,132,"Assault"
2021-09-15,2021-09-01,132,132,"Assault"
2021-10-20,2021-10-01,133,133,"Intimidation"
2021-08-25,2021-08-01,131,131,"Assault"
2021-03-24,2021-03-01,114,114,"Sexual Offense"
2021-08-15,2021-08-01,236,236,"Theft/Fraud/Burglary"
2021-07-21,2021-07-01,131,131,"Assault"
2021-08-22,2021-08-01,131,131,"Assault"
2021-04-19,2021-04-01,290,290,"Vandalism"
2021-01-30,2021-01-01,132,132,"Assault"
2021-02-20,2021-02-01,132,132,"Assault"
2021-10-15,2021-10-01,132,132,"Assault"
2021-06-20,2021-06-01,132,132,"Assault"
2021-01-14,2021-01-01,132,132,"Assault"
2021-04-20,2021-04-01,131,131,"Assault"
2021-07-13,2021-07-01,133,133,"Intimidation"
2021-11-27,2021-11-01,132,132,"Assault"
2021-02-22,2021-02-01,133,133,"Intimidation"
2021-07-20,2021-07-01,133,133,"Intimidation"
2021-08-20,2021-08-01,133,133,"Intimidation"
2021-03-20,2021-03-01,132,132,"Assault"
2021-03-20,2021-03-01,133,133,"Intimidation"
2021-03-20,2021-03-01,133,133,"Intimidation"
2021-01-22,2021-01-01,133,133,"Intimidation"
2021-01-13,2021-01-01,133,133,"Intimidation"
2021-07-21,2021-07-01,240,240,"Theft/Fraud/Burglary"
2021-05-18,2021-05-01,133,133,"Intimidation"
2021-09-21,2021-09-01,132,132,"Assault"
2021-09-20,2021-09-01,133,133,"Intimidation"
2021-07-19,2021-07-01,133,133,"Intimidation"
2021-09-20,2021-09-01,133,133,"Intimidation"
2021-09-20,2021-09-01,133,133,"Intimidation"
2021-08-20,2021-08-01,131,131,"Assault"
2021-01-20,2021-01-01,132,132,"Assault"
2021-10-20,2021-10-01,131,131,"Assault"
2021-08-20,2021-08-01,132,132,"Assault"
2021-10-20,2021-10-01,351,351,"Drug/Weapons Violation"
2021-02-28,2021-02-01,233,233,"Theft/Fraud/Burglary"
2021-04-20,2021-04-01,133,133,"Intimidation"
2021-05-21,2021-05-01,133,133,"Intimidation"
2021-05-31,2021-05-01,133,133,"Intimidation"
2021-05-18,2021-05-01,236,236,"Theft/Fraud/Burglary"
2021-11-20,2021-11-01,132,132,"Assault"
2021-06-20,2021-06-01,351,351,"Drug/Weapons Violation"
2021-09-23,2021-09-01,351,351,"Drug/Weapons Violation"
2021-02-15,2021-02-01,131,131,"Assault"
2021-01-20,2021-01-01,133,133,"Intimidation"
2021-03-30,2021-03-01,280,280,"Theft/Fraud/Burglary"
2021-05-20,2021-05-01,266,266,"Theft/Fraud/Burglary"
2021-11-20,2021-11-01,351,351,"Drug/Weapons Violation"
2021-03-21,2021-03-01,210,210,"Theft/Fraud/Burglary"
2021-08-21,2021-08-01,238,238,"Theft/Fraud/Burglary"
2021-10-21,2021-10-01,290,290,"Vandalism"
2021-05-28,2021-05-01,290,290,"Vandalism"
2021-01-24,2021-01-01,370,370,"Other"
2021-09-24,2021-09-01,238,238,"Theft/Fraud/Burglary"
2021-08-23,2021-08-01,133,133,"Intimidation"
2021-06-19,2021-06-01,132,132,"Assault"
2021-09-25,2021-09-01,236,236,"Theft/Fraud/Burglary"
2021-12-20,2021-12-01,233,233,"Theft/Fraud/Burglary"
2021-09-20,2021-09-01,238,238,"Theft/Fraud/Burglary"
2021-06-20,2021-06-01,290,290,"Vandalism"
2021-11-20,2021-11-01,240,240,"Theft/Fraud/Burglary"
2021-01-22,2021-01-01,236,236,"Theft/Fraud/Burglary"
2021-04-20,2021-04-01,100,100,"Theft/Fraud/Burglary"
2021-05-20,2021-05-01,520,520,"Drug/Weapons Violation"
2021-02-20,2021-02-01,233,233,"Theft/Fraud/Burglary"
2021-06-20,2021-06-01,351,351,"Drug/Weapons Violation"
2021-07-20,2021-07-01,238,238,"Theft/Fraud/Burglary"
2021-04-20,2021-04-01,238,238,"Theft/Fraud/Burglary"
2021-01-30,2021-01-01,220,220,"Theft/Fraud/Burglary"
2021-08-30,2021-08-01,133,133,"Intimidation"
2021-12-30,2021-12-01,290,290,"Vandalism"
2021-11-19,2021-11-01,132,132,"Assault"
2021-11-19,2021-11-01,131,131,"Assault"
2021-06-17,2021-06-01,131,131,"Assault"
2021-11-18,2021-11-01,131,131,"Assault"
2021-05-14,2021-05-01,133,133,"Intimidation"
2021-09-20,2021-09-01,351,351,"Drug/Weapons Violation"
2021-04-20,2021-04-01,290,290,"Vandalism"
2021-08-20,2021-08-01,133,133,"Intimidation"
2021-10-20,2021-10-01,131,131,"Assault"
2021-11-20,2021-11-01,290,290,"Vandalism"
2021-01-29,2021-01-01,351,351,"Drug/Weapons Violation"
2021-12-20,2021-12-01,236,236,"Theft/Fraud/Burglary"
2021-06-19,2021-06-01,352,352,"Drug/Weapons Violation"
2021-01-25,2021-01-01,240,240,"Theft/Fraud/Burglary"
2021-08-20,2021-08-01,133,133,"Intimidation"
2021-05-26,2021-05-01,237,237,"Theft/Fraud/Burglary"
2021-04-20,2021-04-01,370,370,"Other"
2021-05-14,2021-05-01,92,92,"Other"
2021-03-24,2021-03-01,263,263,"Theft/Fraud/Burglary"
2021-08-20,2021-08-01,238,238,"Theft/Fraud/Burglary"
2021-09-20,2021-09-01,238,238,"Theft/Fraud/Burglary"
2021-12-30,2021-12-01,132,132,"Assault"
2021-02-20,2021-02-01,520,520,"Drug/Weapons Violation"
2021-04-29,2021-04-01,133,133,"Intimidation"
2021-01-28,2021-01-01,220,220,"Theft/Fraud/Burglary"
2021-03-20,2021-03-01,132,132,"Assault"
2021-04-18,2021-04-01,290,290,"Vandalism"
2021-06-22,2021-06-01,351,351,"Drug/Weapons Violation"
2021-12-20,2021-12-01,238,238,"Theft/Fraud/Burglary"
2021-10-20,2021-10-01,352,352,"Drug/Weapons Violation"
2021-03-20,2021-03-01,132,132,"Assault"
2021-11-15,2021-11-01,132,132,"Assault"
2021-11-20,2021-11-01,220,220,"Theft/Fraud/Burglary"
2021-05-20,2021-05-01,132,132,"Assault"
2021-03-28,2021-03-01,132,132,"Assault"
2021-03-31,2021-03-01,290,290,"Vandalism"
2021-10-21,2021-10-01,132,132,"Assault"
2021-06-13,2021-06-01,133,133,"Intimidation"
2021-05-27,2021-05-01,131,131,"Assault"
2021-04-14,2021-04-01,132,132,"Assault"
2021-02-16,2021-02-01,802,802,"Other"
2021-03-20,2021-03-01,131,131,"Assault"
2021-07-20,2021-07-01,351,351,"Drug/Weapons Violation"
2021-07-20,2021-07-01,220,220,"Theft/Fraud/Burglary"
2021-01-20,2021-01-01,238,238,"Theft/Fraud/Burglary"
2021-01-20,2021-01-01,234,234,"Theft/Fraud/Burglary"
2021-03-20,2021-03-01,133,133,"Intimidation"
2021-08-14,2021-08-01,200,200,"Theft/Fraud/Burglary"
2021-09-20,2021-09-01,132,132,"Assault"
2021-06-26,2021-06-01,131,131,"Assault"
2021-09-21,2021-09-01,250,250,"Theft/Fraud/Burglary"
2021-07-20,2021-07-01,240,240,"Theft/Fraud/Burglary"
2021-05-23,2021-05-01,237,237,"Theft/Fraud/Burglary"
2021-08-20,2021-08-01,131,131,"Assault"
2021-11-16,2021-11-01,290,290,"Vandalism"
2021-07-20,2021-07-01,238,238,"Theft/Fraud/Burglary"
2021-03-20,2021-03-01,133,133,"Intimidation"
2021-06-22,2021-06-01,132,132,"Assault"
2021-06-20,2021-06-01,131,131,"Assault"
2021-11-26,2021-11-01,131,131,"Assault"
2021-01-20,2021-01-01,290,290,"Vandalism"
2021-08-19,2021-08-01,351,351,"Drug/Weapons Violation"
2021-04-14,2021-04-01,232,232,"Theft/Fraud/Burglary"
2021-12-28,2021-12-01,131,131,"Assault"
2021-02-14,2021-02-01,132,132,"Assault"
2021-12-20,2021-12-01,133,133,"Intimidation"
2020-07-27,2020-07-01,132,132,"Assault"
2020-08-31,2020-08-01,290,290,"Vandalism"
2020-10-18,2020-10-01,132,132,"Assault"
2020-04-20,2020-04-01,220,220,"Theft/Fraud/Burglary"
2020-02-20,2020-02-01,220,220,"Theft/Fraud/Burglary"
2020-11-17,2020-11-01,133,133,"Intimidation"
2020-05-29,2020-05-01,238,238,"Theft/Fraud/Burglary"
2020-01-20,2020-01-01,290,290,"Vandalism"
2020-04-30,2020-04-01,290,290,"Vandalism"
2020-05-30,2020-05-01,234,234,"Theft/Fraud/Burglary"
2020-04-27,2020-04-01,132,132,"Assault"
2020-03-20,2020-03-01,131,131,"Assault"
2020-08-29,2020-08-01,238,238,"Theft/Fraud/Burglary"
2020-06-18,2020-06-01,290,290,"Vandalism"
2020-03-20,2020-03-01,133,133,"Intimidation"
2020-09-14,2020-09-01,133,133,"Intimidation"
2020-05-15,2020-05-01,132,132,"Assault"
2020-09-20,2020-09-01,351,351,"Drug/Weapons Violation"
2020-08-30,2020-08-01,520,520,"Drug/Weapons Violation"
2020-02-20,2020-02-01,133,133,"Intimidation"
2020-05-23,2020-05-01,132,132,"Assault"
2020-01-20,2020-01-01,132,132,"Assault"
2020-08-21,2020-08-01,290,290,"Vandalism"
2020-04-20,2020-04-01,132,132,"Assault"
2020-01-22,2020-01-01,131,131,"Assault"
2020-06-19,2020-06-01,290,290,"Vandalism"
2020-07-24,2020-07-01,131,131,"Assault"
2020-01-20,2020-01-01,133,133,"Intimidation"
2020-06-21,2020-06-01,133,133,"Intimidation"
2020-02-29,2020-02-01,133,133,"Intimidation"
2020-05-26,2020-05-01,132,132,"Assault"
2020-11-20,2020-11-01,290,290,"Vandalism"
2020-05-14,2020-05-01,132,132,"Assault"
2020-10-22,2020-10-01,520,520,"Drug/Weapons Violation"
2020-07-20,2020-07-01,290,290,"Vandalism"
2020-07-20,2020-07-01,133,133,"Intimidation"
2020-10-27,2020-10-01,520,520,"Drug/Weapons Violation"
2020-02-20,2020-02-01,132,132,"Assault"
2020-01-20,2020-01-01,290,290,"Vandalism"
2020-09-26,2020-09-01,132,132,"Assault"
2020-10-20,2020-10-01,133,133,"Intimidation"
2020-06-21,2020-06-01,132,132,"Assault"
2020-08-15,2020-08-01,132,132,"Assault"
2020-12-20,2020-12-01,720,720,"Other"
2020-02-20,2020-02-01,111,111,"Sexual Offense"
2020-11-15,2020-11-01,132,132,"Assault"
2020-07-20,2020-07-01,133,133,"Intimidation"
2020-10-16,2020-10-01,133,133,"Intimidation"
2020-02-29,2020-02-01,233,233,"Theft/Fraud/Burglary"
2020-12-20,2020-12-01,261,261,"Theft/Fraud/Burglary"
2020-07-26,2020-07-01,132,132,"Assault"
2020-12-26,2020-12-01,133,133,"Intimidation"
2020-07-20,2020-07-01,131,131,"Assault"
2020-09-20,2020-09-01,133,133,"Intimidation"
2020-11-20,2020-11-01,132,132,"Assault"
2020-08-22,2020-08-01,132,132,"Assault"
2020-07-20,2020-07-01,290,290,"Vandalism"
2020-08-28,2020-08-01,290,290,"Vandalism"
2020-10-31,2020-10-01,92,92,"Other"
2020-07-20,2020-07-01,238,238,"Theft/Fraud/Burglary"
2020-08-22,2020-08-01,237,237,"Theft/Fraud/Burglary"
2020-03-20,2020-03-01,132,132,"Assault"
2020-06-21,2020-06-01,132,132,"Assault"
2020-05-27,2020-05-01,114,114,"Sexual Offense"
2020-02-20,2020-02-01,120,120,"Theft/Fraud/Burglary"
2020-11-20,2020-11-01,290,290,"Vandalism"
2020-10-18,2020-10-01,250,250,"Theft/Fraud/Burglary"
2020-08-14,2020-08-01,351,351,"Drug/Weapons Violation"
2020-08-28,2020-08-01,290,290,"Vandalism"
2020-04-20,2020-04-01,132,132,"Assault"
2020-06-20,2020-06-01,132,132,"Assault"
2020-05-27,2020-05-01,132,132,"Assault"
2020-02-20,2020-02-01,220,220,"Theft/Fraud/Burglary"
2020-02-29,2020-02-01,520,520,"Drug/Weapons Violation"
2020-02-16,2020-02-01,352,352,"Drug/Weapons Violation"
2020-03-29,2020-03-01,132,132,"Assault"
2020-01-20,2020-01-01,266,266,"Theft/Fraud/Burglary"
2020-02-20,2020-02-01,133,133,"Intimidation"
2020-01-15,2020-01-01,351,351,"Drug/Weapons Violation"
2020-10-17,2020-10-01,236,236,"Theft/Fraud/Burglary"
2020-12-20,2020-12-01,290,290,"Vandalism"
2020-06-19,2020-06-01,265,265,"Theft/Fraud/Burglary"
2020-04-15,2020-04-01,238,238,"Theft/Fraud/Burglary"
2020-04-20,2020-04-01,236,236,"Theft/Fraud/Burglary"
2020-07-25,2020-07-01,290,290,"Vandalism"
2020-08-17,2020-08-01,290,290,"Vandalism"
2020-06-20,2020-06-01,290,290,"Vandalism"
2020-09-15,2020-09-01,290,290,"Vandalism"
2020-10-20,2020-10-01,132,132,"Assault"
2020-03-21,2020-03-01,133,133,"Intimidation"
2020-07-20,2020-07-01,200,200,"Theft/Fraud/Burglary"
2020-01-20,2020-01-01,131,131,"Assault"
2020-05-24,2020-05-01,133,133,"Intimidation"
2020-10-29,2020-10-01,133,133,"Intimidation"
2020-02-20,2020-02-01,133,133,"Intimidation"
2020-12-20,2020-12-01,133,133,"Intimidation"
2020-08-20,2020-08-01,290,290,"Vandalism"
2020-06-20,2020-06-01,290,290,"Vandalism"
2020-06-20,2020-06-01,131,131,"Assault"
2020-06-25,2020-06-01,133,133,"Intimidation"
2020-03-19,2020-03-01,133,133,"Intimidation"
2020-01-23,2020-01-01,133,133,"Intimidation"
2020-03-20,2020-03-01,290,290,"Vandalism"
2020-08-21,2020-08-01,133,133,"Intimidation"
2020-12-21,2020-12-01,290,290,"Vandalism"
2020-07-20,2020-07-01,132,132,"Assault"
2020-02-20,2020-02-01,133,133,"Intimidation"
2020-06-28,2020-06-01,131,131,"Assault"
2020-08-21,2020-08-01,132,132,"Assault"
2020-12-20,2020-12-01,114,114,"Sexual Offense"
2020-12-18,2020-12-01,132,132,"Assault"
2020-12-20,2020-12-01,290,290,"Vandalism"
2020-11-27,2020-11-01,290,290,"Vandalism"
2020-10-20,2020-10-01,290,290,"Vandalism"
2020-12-28,2020-12-01,132,132,"Assault"
2020-09-27,2020-09-01,133,133,"Intimidation"
2020-10-18,2020-10-01,131,131,"Assault"
2020-10-18,2020-10-01,290,290,"Vandalism"
2020-10-29,2020-10-01,133,133,"Intimidation"
2020-01-20,2020-01-01,133,133,"Intimidation"
2020-03-21,2020-03-01,236,236,"Theft/Fraud/Burglary"
2020-12-17,2020-12-01,352,352,"Drug/Weapons Violation"
2020-10-21,2020-10-01,131,131,"Assault"
2020-04-20,2020-04-01,132,132,"Assault"
2020-08-22,2020-08-01,290,290,"Vandalism"
2020-11-30,2020-11-01,290,290,"Vandalism"
2020-08-23,2020-08-01,351,351,"Drug/Weapons Violation"
2020-12-20,2020-12-01,131,131,"Assault"
2020-08-20,2020-08-01,220,220,"Theft/Fraud/Burglary"
2020-03-20,2020-03-01,132,132,"Assault"
2020-04-20,2020-04-01,132,132,"Assault"
2020-11-30,2020-11-01,233,233,"Theft/Fraud/Burglary"
2020-10-20,2020-10-01,111,111,"Sexual Offense"
2020-12-29,2020-12-01,132,132,"Assault"
2020-11-15,2020-11-01,233,233,"Theft/Fraud/Burglary"
2020-12-20,2020-12-01,132,132,"Assault"
2020-12-18,2020-12-01,133,133,"Intimidation"
2020-12-14,2020-12-01,133,133,"Intimidation"
2020-08-19,2020-08-01,234,234,"Theft/Fraud/Burglary"
2020-06-15,2020-06-01,280,280,"Theft/Fraud/Burglary"
2020-03-21,2020-03-01,132,132,"Assault"
2020-06-20,2020-06-01,132,132,"Assault"
2020-07-20,2020-07-01,236,236,"Theft/Fraud/Burglary"
2020-11-20,2020-11-01,240,240,"Theft/Fraud/Burglary"
2020-02-20,2020-02-01,238,238,"Theft/Fraud/Burglary"
2020-03-20,2020-03-01,263,263,"Theft/Fraud/Burglary"
2020-04-19,2020-04-01,240,240,"Theft/Fraud/Burglary"
2020-02-27,2020-02-01,132,132,"Assault"
2020-05-23,2020-05-01,133,133,"Intimidation"
2020-06-22,2020-06-01,133,133,"Intimidation"
2020-03-21,2020-03-01,220,220,"Theft/Fraud/Burglary"
2020-09-17,2020-09-01,290,290,"Vandalism"
2020-07-20,2020-07-01,133,133,"Intimidation"
2020-02-20,2020-02-01,290,290,"Vandalism"
2020-02-20,2020-02-01,133,133,"Intimidation"
2020-11-30,2020-11-01,240,240,"Theft/Fraud/Burglary"
2020-01-20,2020-01-01,132,132,"Assault"
2020-05-30,2020-05-01,220,220,"Theft/Fraud/Burglary"
2020-10-20,2020-10-01,261,261,"Theft/Fraud/Burglary"
2020-11-20,2020-11-01,233,233,"Theft/Fraud/Burglary"
2020-04-20,2020-04-01,351,351,"Drug/Weapons Violation"
2020-07-20,2020-07-01,250,250,"Theft/Fraud/Burglary"
2020-11-20,2020-11-01,351,351,"Drug/Weapons Violation"
2020-01-25,2020-01-01,351,351,"Drug/Weapons Violation"
2019-01-22,2019-01-01,351,351,"Drug/Weapons Violation"
2019-05-17,2019-05-01,238,238,"Theft/Fraud/Burglary"
2019-02-21,2019-02-01,132,132,"Assault"
2019-06-22,2019-06-01,132,132,"Assault"
2019-06-17,2019-06-01,290,290,"Vandalism"
2019-06-22,2019-06-01,132,132,"Assault"
2019-06-20,2019-06-01,132,132,"Assault"
2019-10-20,2019-10-01,261,261,"Theft/Fraud/Burglary"
2019-09-20,2019-09-01,133,133,"Intimidation"
2019-01-16,2019-01-01,132,132,"Assault"
2019-03-20,2019-03-01,131,131,"Assault"
2019-10-20,2019-10-01,132,132,"Assault"
2019-03-20,2019-03-01,236,236,"Theft/Fraud/Burglary"
2019-10-20,2019-10-01,351,351,"Drug/Weapons Violation"
2019-01-20,2019-01-01,120,120,"Theft/Fraud/Burglary"
2019-01-20,2019-01-01,351,351,"Drug/Weapons Violation"
2019-02-20,2019-02-01,351,351,"Drug/Weapons Violation"
2019-01-28,2019-01-01,132,132,"Assault"
2019-01-25,2019-01-01,240,240,"Theft/Fraud/Burglary"
2019-02-20,2019-02-01,351,351,"Drug/Weapons Violation"
2019-01-20,2019-01-01,351,351,"Drug/Weapons Violation"
2019-06-27,2019-06-01,133,133,"Intimidation"
2019-01-17,2019-01-01,351,351,"Drug/Weapons Violation"
2019-10-18,2019-10-01,132,132,"Assault"
2019-06-24,2019-06-01,131,131,"Assault"
2019-06-18,2019-06-01,133,133,"Intimidation"
2019-12-31,2019-12-01,133,133,"Intimidation"
2019-04-21,2019-04-01,131,131,"Assault"
2019-11-20,2019-11-01,133,133,"Intimidation"
2019-11-20,2019-11-01,132,132,"Assault"
2019-05-14,2019-05-01,133,133,"Intimidation"
2019-07-20,2019-07-01,133,133,"Intimidation"
2019-12-14,2019-12-01,133,133,"Intimidation"
2019-08-20,2019-08-01,132,132,"Assault"
2019-04-19,2019-04-01,132,132,"Assault"
2019-04-26,2019-04-01,120,120,"Theft/Fraud/Burglary"
2019-09-24,2019-09-01,133,133,"Intimidation"
2019-03-20,2019-03-01,351,351,"Drug/Weapons Violation"
2019-08-22,2019-08-01,351,351,"Drug/Weapons Violation"
2019-07-27,2019-07-01,131,131,"Assault"
2019-05-16,2019-05-01,133,133,"Intimidation"
2019-03-22,2019-03-01,131,131,"Assault"
2019-08-20,2019-08-01,290,290,"Vandalism"
2019-05-18,2019-05-01,233,233,"Theft/Fraud/Burglary"
2019-11-22,2019-11-01,133,133,"Intimidation"
2019-12-18,2019-12-01,131,131,"Assault"
2019-07-20,2019-07-01,133,133,"Intimidation"
2019-02-20,2019-02-01,234,234,"Theft/Fraud/Burglary"
2019-12-20,2019-12-01,132,132,"Assault"
2019-01-25,2019-01-01,132,132,"Assault"
2019-12-20,2019-12-01,133,133,"Intimidation"
2019-01-17,2019-01-01,233,233,"Theft/Fraud/Burglary"
2019-09-29,2019-09-01,290,290,"Vandalism"
2019-08-20,2019-08-01,520,520,"Drug/Weapons Violation"
2019-03-25,2019-03-01,236,236,"Theft/Fraud/Burglary"
2019-03-13,2019-03-01,131,131,"Assault"
2019-03-18,2019-03-01,131,131,"Assault"
2019-03-24,2019-03-01,290,290,"Vandalism"
2019-05-31,2019-05-01,290,290,"Vandalism"
2019-09-23,2019-09-01,290,290,"Vandalism"
2019-11-26,2019-11-01,133,133,"Intimidation"
2019-03-20,2019-03-01,133,133,"Intimidation"
2019-03-28,2019-03-01,132,132,"Assault"
2019-06-17,2019-06-01,132,132,"Assault"
2019-04-20,2019-04-01,133,133,"Intimidation"
2019-06-23,2019-06-01,133,133,"Intimidation"
2019-07-20,2019-07-01,261,261,"Theft/Fraud/Burglary"
2019-02-20,2019-02-01,290,290,"Vandalism"
2019-12-20,2019-12-01,132,132,"Assault"
2019-07-27,2019-07-01,132,132,"Assault"
2019-09-25,2019-09-01,220,220,"Theft/Fraud/Burglary"
2019-11-18,2019-11-01,238,238,"Theft/Fraud/Burglary"
2019-05-20,2019-05-01,290,290,"Vandalism"
2019-02-15,2019-02-01,132,132,"Assault"
2019-07-21,2019-07-01,133,133,"Intimidation"
2019-02-20,2019-02-01,290,290,"Vandalism"
2019-09-24,2019-09-01,238,238,"Theft/Fraud/Burglary"
2019-12-15,2019-12-01,351,351,"Drug/Weapons Violation"
2019-05-20,2019-05-01,238,238,"Theft/Fraud/Burglary"
2019-01-25,2019-01-01,240,240,"Theft/Fraud/Burglary"
2019-07-20,2019-07-01,234,234,"Theft/Fraud/Burglary"
2019-02-15,2019-02-01,290,290,"Vandalism"
2019-11-25,2019-11-01,238,238,"Theft/Fraud/Burglary"
2019-03-13,2019-03-01,220,220,"Theft/Fraud/Burglary"
2019-09-20,2019-09-01,132,132,"Assault"
2019-12-20,2019-12-01,238,238,"Theft/Fraud/Burglary"
2019-08-15,2019-08-01,238,238,"Theft/Fraud/Burglary"
2019-09-20,2019-09-01,238,238,"Theft/Fraud/Burglary"
2019-02-21,2019-02-01,233,233,"Theft/Fraud/Burglary"
2019-04-29,2019-04-01,233,233,"Theft/Fraud/Burglary"
2019-11-16,2019-11-01,231,231,"Theft/Fraud/Burglary"
2019-02-25,2019-02-01,133,133,"Intimidation"
2019-03-28,2019-03-01,231,231,"Theft/Fraud/Burglary"
2019-04-30,2019-04-01,233,233,"Theft/Fraud/Burglary"
2019-11-20,2019-11-01,240,240,"Theft/Fraud/Burglary"
2019-07-20,2019-07-01,237,237,"Theft/Fraud/Burglary"
2019-11-20,2019-11-01,236,236,"Theft/Fraud/Burglary"
2019-12-26,2019-12-01,236,236,"Theft/Fraud/Burglary"
2019-07-26,2019-07-01,234,234,"Theft/Fraud/Burglary"
2019-05-30,2019-05-01,114,114,"Sexual Offense"
2019-08-20,2019-08-01,290,290,"Vandalism"
2019-06-20,2019-06-01,132,132,"Assault"
2019-02-26,2019-02-01,133,133,"Intimidation"
2019-08-29,2019-08-01,133,133,"Intimidation"
2019-11-16,2019-11-01,133,133,"Intimidation"
2019-12-20,2019-12-01,290,290,"Vandalism"
2019-03-23,2019-03-01,131,131,"Assault"
2019-08-20,2019-08-01,280,280,"Theft/Fraud/Burglary"
2019-12-13,2019-12-01,133,133,"Intimidation"
2019-01-20,2019-01-01,290,290,"Vandalism"
2019-05-20,2019-05-01,290,290,"Vandalism"
2019-10-22,2019-10-01,352,352,"Drug/Weapons Violation"
2019-10-22,2019-10-01,237,237,"Theft/Fraud/Burglary"
2019-03-20,2019-03-01,236,236,"Theft/Fraud/Burglary"
2019-04-20,2019-04-01,220,220,"Theft/Fraud/Burglary"
2019-01-20,2019-01-01,370,370,"Other"
2019-11-13,2019-11-01,132,132,"Assault"
2019-03-13,2019-03-01,238,238,"Theft/Fraud/Burglary"
2019-12-20,2019-12-01,132,132,"Assault"
2019-05-20,2019-05-01,220,220,"Theft/Fraud/Burglary"
2019-05-13,2019-05-01,220,220,"Theft/Fraud/Burglary"
2019-03-20,2019-03-01,290,290,"Vandalism"
2019-07-20,2019-07-01,238,238,"Theft/Fraud/Burglary"
2019-07-20,2019-07-01,290,290,"Vandalism"
2019-05-25,2019-05-01,238,238,"Theft/Fraud/Burglary"
2019-01-20,2019-01-01,132,132,"Assault"
2019-02-20,2019-02-01,290,290,"Vandalism"
2019-06-20,2019-06-01,132,132,"Assault"
2019-01-21,2019-01-01,132,132,"Assault"
2019-07-20,2019-07-01,120,120,"Theft/Fraud/Burglary"
2019-12-30,2019-12-01,351,351,"Drug/Weapons Violation"
2019-10-31,2019-10-01,351,351,"Drug/Weapons Violation"
2019-06-17,2019-06-01,235,235,"Theft/Fraud/Burglary"
2019-12-20,2019-12-01,290,290,"Vandalism"
2019-10-21,2019-10-01,290,290,"Vandalism"
2019-05-26,2019-05-01,290,290,"Vandalism"
2019-05-13,2019-05-01,290,290,"Vandalism"
2019-12-20,2019-12-01,132,132,"Assault"
2019-12-27,2019-12-01,351,351,"Drug/Weapons Violation"
2019-06-20,2019-06-01,238,238,"Theft/Fraud/Burglary"
2019-04-20,2019-04-01,351,351,"Drug/Weapons Violation"
2019-12-23,2019-12-01,132,132,"Assault"
2019-12-24,2019-12-01,132,132,"Assault"
2019-11-13,2019-11-01,131,131,"Assault"
2019-09-20,2019-09-01,132,132,"Assault"
2019-12-18,2019-12-01,132,132,"Assault"
2019-12-17,2019-12-01,132,132,"Assault"
2019-01-13,2019-01-01,132,132,"Assault"
2019-01-20,2019-01-01,133,133,"Intimidation"
2019-11-20,2019-11-01,238,238,"Theft/Fraud/Burglary"
2019-11-28,2019-11-01,131,131,"Assault"
2019-05-20,2019-05-01,132,132,"Assault"
2019-06-20,2019-06-01,132,132,"Assault"
2019-02-20,2019-02-01,238,238,"Theft/Fraud/Burglary"
2019-09-20,2019-09-01,133,133,"Intimidation"
2019-06-21,2019-06-01,351,351,"Drug/Weapons Violation"
2019-01-19,2019-01-01,120,120,"Theft/Fraud/Burglary"
2019-08-20,2019-08-01,133,133,"Intimidation"
2019-09-25,2019-09-01,133,133,"Intimidation"
2019-09-15,2019-09-01,131,131,"Assault"
2019-11-14,2019-11-01,131,131,"Assault"
2019-08-20,2019-08-01,132,132,"Assault"
2019-03-24,2019-03-01,133,133,"Intimidation"
2019-05-16,2019-05-01,233,233,"Theft/Fraud/Burglary"
2019-09-28,2019-09-01,131,131,"Assault"
2019-02-20,2019-02-01,351,351,"Drug/Weapons Violation"
2018-05-27,2018-05-01,237,237,"Theft/Fraud/Burglary"
2018-02-20,2018-02-01,133,133,"Intimidation"
2018-11-20,2018-11-01,237,237,"Theft/Fraud/Burglary"
2018-12-16,2018-12-01,131,131,"Assault"
2018-03-20,2018-03-01,133,133,"Intimidation"
2018-11-20,2018-11-01,351,351,"Drug/Weapons Violation"
2018-06-14,2018-06-01,262,262,"Theft/Fraud/Burglary"
2018-12-20,2018-12-01,240,240,"Theft/Fraud/Burglary"
2018-08-14,2018-08-01,351,351,"Drug/Weapons Violation"
2018-09-13,2018-09-01,351,351,"Drug/Weapons Violation"
2018-12-20,2018-12-01,351,351,"Drug/Weapons Violation"
2018-06-21,2018-06-01,236,236,"Theft/Fraud/Burglary"
2018-09-19,2018-09-01,238,238,"Theft/Fraud/Burglary"
2018-07-20,2018-07-01,240,240,"Theft/Fraud/Burglary"
2018-10-20,2018-10-01,238,238,"Theft/Fraud/Burglary"
2018-06-20,2018-06-01,351,351,"Drug/Weapons Violation"
2018-09-26,2018-09-01,236,236,"Theft/Fraud/Burglary"
2018-12-20,2018-12-01,238,238,"Theft/Fraud/Burglary"
2018-10-20,2018-10-01,233,233,"Theft/Fraud/Burglary"
2018-07-20,2018-07-01,351,351,"Drug/Weapons Violation"
2018-07-17,2018-07-01,290,290,"Vandalism"
2018-04-20,2018-04-01,132,132,"Assault"
2018-07-31,2018-07-01,280,280,"Theft/Fraud/Burglary"
2018-06-23,2018-06-01,240,240,"Theft/Fraud/Burglary"
2018-03-20,2018-03-01,351,351,"Drug/Weapons Violation"
2018-12-31,2018-12-01,132,132,"Assault"
2018-09-20,2018-09-01,351,351,"Drug/Weapons Violation"
2018-01-20,2018-01-01,220,220,"Theft/Fraud/Burglary"
2018-07-25,2018-07-01,280,280,"Theft/Fraud/Burglary"
2018-03-20,2018-03-01,236,236,"Theft/Fraud/Burglary"
2018-05-19,2018-05-01,133,133,"Intimidation"
2018-08-19,2018-08-01,233,233,"Theft/Fraud/Burglary"
2018-04-20,2018-04-01,114,114,"Sexual Offense"
2018-03-20,2018-03-01,351,351,"Drug/Weapons Violation"
2018-07-20,2018-07-01,351,351,"Drug/Weapons Violation"
2018-12-20,2018-12-01,132,132,"Assault"
2018-06-17,2018-06-01,233,233,"Theft/Fraud/Burglary"
2018-04-26,2018-04-01,233,233,"Theft/Fraud/Burglary"
2018-12-20,2018-12-01,351,351,"Drug/Weapons Violation"
2018-11-27,2018-11-01,351,351,"Drug/Weapons Violation"
2018-10-18,2018-10-01,351,351,"Drug/Weapons Violation"
2018-05-20,2018-05-01,351,351,"Drug/Weapons Violation"
2018-05-20,2018-05-01,238,238,"Theft/Fraud/Burglary"
2018-01-16,2018-01-01,220,220,"Theft/Fraud/Burglary"
2018-11-23,2018-11-01,270,270,"Theft/Fraud/Burglary"
2018-02-28,2018-02-01,238,238,"Theft/Fraud/Burglary"
2018-07-22,2018-07-01,351,351,"Drug/Weapons Violation"
2018-10-20,2018-10-01,236,236,"Theft/Fraud/Burglary"
2018-03-20,2018-03-01,351,351,"Drug/Weapons Violation"
2018-03-21,2018-03-01,238,238,"Theft/Fraud/Burglary"
2018-10-20,2018-10-01,238,238,"Theft/Fraud/Burglary"
2018-11-20,2018-11-01,262,262,"Theft/Fraud/Burglary"
2018-07-24,2018-07-01,220,220,"Theft/Fraud/Burglary"
2018-03-24,2018-03-01,238,238,"Theft/Fraud/Burglary"
2018-01-14,2018-01-01,220,220,"Theft/Fraud/Burglary"
2018-08-20,2018-08-01,236,236,"Theft/Fraud/Burglary"
2018-03-14,2018-03-01,120,120,"Theft/Fraud/Burglary"
2018-01-17,2018-01-01,100,100,"Theft/Fraud/Burglary"
2018-12-17,2018-12-01,238,238,"Theft/Fraud/Burglary"
2018-06-20,2018-06-01,240,240,"Theft/Fraud/Burglary"
2018-04-21,2018-04-01,351,351,"Drug/Weapons Violation"
2018-04-20,2018-04-01,351,351,"Drug/Weapons Violation"
2018-05-20,2018-05-01,351,351,"Drug/Weapons Violation"
2018-07-20,2018-07-01,220,220,"Theft/Fraud/Burglary"
2018-07-13,2018-07-01,200,200,"Theft/Fraud/Burglary"
2018-09-24,2018-09-01,351,351,"Drug/Weapons Violation"
2018-10-27,2018-10-01,290,290,"Vandalism"
2018-09-18,2018-09-01,132,132,"Assault"
2018-03-20,2018-03-01,132,132,"Assault"
2018-10-30,2018-10-01,234,234,"Theft/Fraud/Burglary"
2018-06-21,2018-06-01,370,370,"Other"
2018-12-14,2018-12-01,131,131,"Assault"
2018-03-20,2018-03-01,133,133,"Intimidation"
2018-03-20,2018-03-01,238,238,"Theft/Fraud/Burglary"
2018-07-20,2018-07-01,133,133,"Intimidation"
2018-01-20,2018-01-01,520,520,"Drug/Weapons Violation"
2018-12-20,2018-12-01,520,520,"Drug/Weapons Violation"
2018-10-20,2018-10-01,233,233,"Theft/Fraud/Burglary"
2018-03-20,2018-03-01,132,132,"Assault"
2018-01-18,2018-01-01,290,290,"Vandalism"
2018-01-26,2018-01-01,131,131,"Assault"
2018-03-31,2018-03-01,200,200,"Theft/Fraud/Burglary"
2018-08-20,2018-08-01,132,132,"Assault"
2018-11-20,2018-11-01,133,133,"Intimidation"
2018-01-30,2018-01-01,132,132,"Assault"
2018-04-20,2018-04-01,133,133,"Intimidation"
2018-01-24,2018-01-01,351,351,"Drug/Weapons Violation"
2018-09-30,2018-09-01,132,132,"Assault"
2018-07-18,2018-07-01,131,131,"Assault"
2018-07-26,2018-07-01,510,510,"Other"
2018-01-27,2018-01-01,132,132,"Assault"
2018-08-20,2018-08-01,238,238,"Theft/Fraud/Burglary"
2018-09-20,2018-09-01,236,236,"Theft/Fraud/Burglary"
2018-09-30,2018-09-01,236,236,"Theft/Fraud/Burglary"
2018-12-16,2018-12-01,351,351,"Drug/Weapons Violation"
2018-01-20,2018-01-01,238,238,"Theft/Fraud/Burglary"
2018-05-26,2018-05-01,238,238,"Theft/Fraud/Burglary"
2018-12-20,2018-12-01,238,238,"Theft/Fraud/Burglary"
2018-06-20,2018-06-01,290,290,"Vandalism"
2018-09-22,2018-09-01,240,240,"Theft/Fraud/Burglary"
2018-05-13,2018-05-01,290,290,"Vandalism"
2018-01-20,2018-01-01,240,240,"Theft/Fraud/Burglary"
2018-10-27,2018-10-01,133,133,"Intimidation"
2018-12-27,2018-12-01,290,290,"Vandalism"
2018-02-15,2018-02-01,132,132,"Assault"
2018-02-18,2018-02-01,290,290,"Vandalism"
2018-02-20,2018-02-01,236,236,"Theft/Fraud/Burglary"
2018-10-20,2018-10-01,233,233,"Theft/Fraud/Burglary"
2018-12-23,2018-12-01,352,352,"Drug/Weapons Violation"
2018-12-22,2018-12-01,120,120,"Theft/Fraud/Burglary"
2018-09-21,2018-09-01,266,266,"Theft/Fraud/Burglary"
2018-07-25,2018-07-01,236,236,"Theft/Fraud/Burglary"
2018-05-20,2018-05-01,290,290,"Vandalism"
2018-01-20,2018-01-01,266,266,"Theft/Fraud/Burglary"
2018-12-20,2018-12-01,133,133,"Intimidation"
2018-12-20,2018-12-01,131,131,"Assault"
2018-07-14,2018-07-01,132,132,"Assault"
2018-07-24,2018-07-01,133,133,"Intimidation"
2018-02-21,2018-02-01,133,133,"Intimidation"
2018-07-31,2018-07-01,131,131,"Assault"
2018-09-30,2018-09-01,132,132,"Assault"
2018-02-20,2018-02-01,290,290,"Vandalism"
2018-09-20,2018-09-01,351,351,"Drug/Weapons Violation"
2018-08-20,2018-08-01,132,132,"Assault"
2018-08-15,2018-08-01,261,261,"Theft/Fraud/Burglary"
2018-10-30,2018-10-01,133,133,"Intimidation"
2018-06-20,2018-06-01,133,133,"Intimidation"
2018-10-20,2018-10-01,132,132,"Assault"
2018-12-20,2018-12-01,133,133,"Intimidation"
2018-07-22,2018-07-01,114,114,"Sexual Offense"
2018-08-27,2018-08-01,238,238,"Theft/Fraud/Burglary"
2018-05-20,2018-05-01,234,234,"Theft/Fraud/Burglary"
2018-11-20,2018-11-01,240,240,"Theft/Fraud/Burglary"
2018-02-27,2018-02-01,238,238,"Theft/Fraud/Burglary"
2018-01-16,2018-01-01,238,238,"Theft/Fraud/Burglary"
2018-07-17,2018-07-01,290,290,"Vandalism"
2018-10-17,2018-10-01,238,238,"Theft/Fraud/Burglary"
2018-03-19,2018-03-01,220,220,"Theft/Fraud/Burglary"
2018-05-20,2018-05-01,132,132,"Assault"
2018-07-18,2018-07-01,238,238,"Theft/Fraud/Burglary"
2018-10-25,2018-10-01,220,220,"Theft/Fraud/Burglary"
2018-09-14,2018-09-01,240,240,"Theft/Fraud/Burglary"
2018-02-20,2018-02-01,132,132,"Assault"
2018-07-25,2018-07-01,290,290,"Vandalism"
2018-07-20,2018-07-01,233,233,"Theft/Fraud/Burglary"
2018-07-20,2018-07-01,132,132,"Assault"
2018-05-20,2018-05-01,220,220,"Theft/Fraud/Burglary"
2018-06-20,2018-06-01,133,133,"Intimidation"
2018-01-22,2018-01-01,132,132,"Assault"
2018-11-20,2018-11-01,236,236,"Theft/Fraud/Burglary"
2018-01-19,2018-01-01,236,236,"Theft/Fraud/Burglary"
2018-06-20,2018-06-01,236,236,"Theft/Fraud/Burglary"
2018-12-20,2018-12-01,238,238,"Theft/Fraud/Burglary"
2018-10-20,2018-10-01,132,132,"Assault"
2018-05-20,2018-05-01,240,240,"Theft/Fraud/Burglary"
2018-03-20,2018-03-01,234,234,"Theft/Fraud/Burglary"
2018-10-24,2018-10-01,132,132,"Assault"
2018-10-19,2018-10-01,132,132,"Assault"
2018-05-20,2018-05-01,236,236,"Theft/Fraud/Burglary"
2018-06-28,2018-06-01,238,238,"Theft/Fraud/Burglary"
2018-10-20,2018-10-01,351,351,"Drug/Weapons Violation"
2018-04-27,2018-04-01,351,351,"Drug/Weapons Violation"
2018-09-20,2018-09-01,290,290,"Vandalism"
2018-04-20,2018-04-01,114,114,"Sexual Offense"
2018-03-13,2018-03-01,132,132,"Assault"
2018-06-20,2018-06-01,233,233,"Theft/Fraud/Burglary"
2018-11-20,2018-11-01,233,233,"Theft/Fraud/Burglary"
2018-02-26,2018-02-01,236,236,"Theft/Fraud/Burglary"
2018-08-21,2018-08-01,132,132,"Assault"
2018-10-19,2018-10-01,132,132,"Assault"
2018-03-21,2018-03-01,132,132,"Assault"
2018-02-23,2018-02-01,250,250,"Theft/Fraud/Burglary"
2018-06-15,2018-06-01,351,351,"Drug/Weapons Violation"
2018-02-20,2018-02-01,132,132,"Assault"
2018-01-17,2018-01-01,133,133,"Intimidation"
2018-06-29,2018-06-01,238,238,"Theft/Fraud/Burglary"
2018-01-20,2018-01-01,290,290,"Vandalism"
2018-07-20,2018-07-01,132,132,"Assault"
2018-02-25,2018-02-01,132,132,"Assault"
2018-01-20,2018-01-01,250,250,"Theft/Fraud/Burglary"
2018-08-13,2018-08-01,132,132,"Assault"
2018-08-27,2018-08-01,131,131,"Assault"
2018-05-20,2018-05-01,233,233,"Theft/Fraud/Burglary"
2018-10-20,2018-10-01,133,133,"Intimidation"
2018-12-20,2018-12-01,131,131,"Assault"
2018-10-30,2018-10-01,131,131,"Assault"
2018-08-17,2018-08-01,233,233,"Theft/Fraud/Burglary"
2017-02-20,2017-02-01,132,132,"Assault"
2017-09-24,2017-09-01,133,133,"Intimidation"
2017-01-20,2017-01-01,132,132,"Assault"
2017-01-28,2017-01-01,133,133,"Intimidation"
2017-01-15,2017-01-01,131,131,"Assault"
2017-08-30,2017-08-01,261,261,"Theft/Fraud/Burglary"
2017-12-23,2017-12-01,290,290,"Vandalism"
2017-04-22,2017-04-01,132,132,"Assault"
2017-05-14,2017-05-01,351,351,"Drug/Weapons Violation"
2017-12-20,2017-12-01,238,238,"Theft/Fraud/Burglary"
2017-09-20,2017-09-01,351,351,"Drug/Weapons Violation"
2017-05-23,2017-05-01,352,352,"Drug/Weapons Violation"
2017-09-18,2017-09-01,351,351,"Drug/Weapons Violation"
2017-12-26,2017-12-01,240,240,"Theft/Fraud/Burglary"
2017-07-25,2017-07-01,220,220,"Theft/Fraud/Burglary"
2017-02-19,2017-02-01,131,131,"Assault"
2017-05-20,2017-05-01,240,240,"Theft/Fraud/Burglary"
2017-03-21,2017-03-01,240,240,"Theft/Fraud/Burglary"
2017-03-29,2017-03-01,220,220,"Theft/Fraud/Burglary"
2017-03-29,2017-03-01,133,133,"Intimidation"
2017-10-20,2017-10-01,266,266,"Theft/Fraud/Burglary"
2017-07-17,2017-07-01,132,132,"Assault"
2017-07-14,2017-07-01,236,236,"Theft/Fraud/Burglary"
2017-06-26,2017-06-01,351,351,"Drug/Weapons Violation"
2017-01-25,2017-01-01,238,238,"Theft/Fraud/Burglary"
2017-10-19,2017-10-01,250,250,"Theft/Fraud/Burglary"
2017-06-20,2017-06-01,233,233,"Theft/Fraud/Burglary"
2017-01-28,2017-01-01,238,238,"Theft/Fraud/Burglary"
2017-01-20,2017-01-01,290,290,"Vandalism"
2017-05-20,2017-05-01,238,238,"Theft/Fraud/Burglary"
2017-05-17,2017-05-01,132,132,"Assault"
2017-05-13,2017-05-01,236,236,"Theft/Fraud/Burglary"
2017-06-23,2017-06-01,280,280,"Theft/Fraud/Burglary"
2017-02-20,2017-02-01,233,233,"Theft/Fraud/Burglary"
2017-08-17,2017-08-01,236,236,"Theft/Fraud/Burglary"
2017-05-20,2017-05-01,233,233,"Theft/Fraud/Burglary"
2017-12-20,2017-12-01,290,290,"Vandalism"
2017-08-20,2017-08-01,233,233,"Theft/Fraud/Burglary"
2017-01-17,2017-01-01,238,238,"Theft/Fraud/Burglary"
2017-07-20,2017-07-01,233,233,"Theft/Fraud/Burglary"
2017-01-14,2017-01-01,351,351,"Drug/Weapons Violation"
2017-10-20,2017-10-01,233,233,"Theft/Fraud/Burglary"
2017-11-25,2017-11-01,112,112,"Sexual Offense"
2017-06-24,2017-06-01,520,520,"Drug/Weapons Violation"
2017-04-13,2017-04-01,133,133,"Intimidation"
2017-06-17,2017-06-01,238,238,"Theft/Fraud/Burglary"
2017-09-21,2017-09-01,238,238,"Theft/Fraud/Burglary"
2017-10-13,2017-10-01,352,352,"Drug/Weapons Violation"
2017-11-18,2017-11-01,290,290,"Vandalism"
2017-07-20,2017-07-01,351,351,"Drug/Weapons Violation"
2017-05-20,2017-05-01,290,290,"Vandalism"
2017-11-15,2017-11-01,233,233,"Theft/Fraud/Burglary"
2017-03-22,2017-03-01,132,132,"Assault"
2017-05-19,2017-05-01,351,351,"Drug/Weapons Violation"
2017-11-15,2017-11-01,290,290,"Vandalism"
2017-05-24,2017-05-01,236,236,"Theft/Fraud/Burglary"
2017-06-14,2017-06-01,220,220,"Theft/Fraud/Burglary"
2017-06-20,2017-06-01,238,238,"Theft/Fraud/Burglary"
2017-09-30,2017-09-01,132,132,"Assault"
2017-12-28,2017-12-01,351,351,"Drug/Weapons Violation"
2017-07-20,2017-07-01,238,238,"Theft/Fraud/Burglary"
2017-12-24,2017-12-01,132,132,"Assault"
2017-12-20,2017-12-01,100,100,"Theft/Fraud/Burglary"
2017-01-20,2017-01-01,351,351,"Drug/Weapons Violation"
2017-11-14,2017-11-01,290,290,"Vandalism"
2017-04-20,2017-04-01,220,220,"Theft/Fraud/Burglary"
2017-12-16,2017-12-01,133,133,"Intimidation"
2017-12-19,2017-12-01,520,520,"Drug/Weapons Violation"
2017-10-25,2017-10-01,370,370,"Other"
2017-02-20,2017-02-01,238,238,"Theft/Fraud/Burglary"
2017-07-13,2017-07-01,238,238,"Theft/Fraud/Burglary"
2017-07-20,2017-07-01,238,238,"Theft/Fraud/Burglary"
2017-06-20,2017-06-01,240,240,"Theft/Fraud/Burglary"
2017-12-20,2017-12-01,351,351,"Drug/Weapons Violation"
2017-09-20,2017-09-01,240,240,"Theft/Fraud/Burglary"
2017-03-20,2017-03-01,132,132,"Assault"
2017-12-20,2017-12-01,220,220,"Theft/Fraud/Burglary"
2017-12-15,2017-12-01,220,220,"Theft/Fraud/Burglary"
2017-10-31,2017-10-01,233,233,"Theft/Fraud/Burglary"
2017-05-13,2017-05-01,236,236,"Theft/Fraud/Burglary"
2017-07-20,2017-07-01,233,233,"Theft/Fraud/Burglary"
2017-12-21,2017-12-01,238,238,"Theft/Fraud/Burglary"
2017-03-22,2017-03-01,351,351,"Drug/Weapons Violation"
2017-06-20,2017-06-01,236,236,"Theft/Fraud/Burglary"
2017-03-20,2017-03-01,351,351,"Drug/Weapons Violation"
2017-05-20,2017-05-01,238,238,"Theft/Fraud/Burglary"
2017-10-20,2017-10-01,131,131,"Assault"
2017-07-15,2017-07-01,290,290,"Vandalism"
2017-09-30,2017-09-01,270,270,"Theft/Fraud/Burglary"
2017-02-24,2017-02-01,132,132,"Assault"
2017-05-19,2017-05-01,237,237,"Theft/Fraud/Burglary"
2017-06-29,2017-06-01,240,240,"Theft/Fraud/Burglary"
2017-05-18,2017-05-01,240,240,"Theft/Fraud/Burglary"
2017-05-20,2017-05-01,351,351,"Drug/Weapons Violation"
2017-03-20,2017-03-01,351,351,"Drug/Weapons Violation"
2017-11-20,2017-11-01,351,351,"Drug/Weapons Violation"
2017-11-13,2017-11-01,220,220,"Theft/Fraud/Burglary"
2017-05-20,2017-05-01,238,238,"Theft/Fraud/Burglary"
2017-05-20,2017-05-01,290,290,"Vandalism"
2017-04-25,2017-04-01,290,290,"Vandalism"
2017-03-23,2017-03-01,351,351,"Drug/Weapons Violation"
2017-01-18,2017-01-01,233,233,"Theft/Fraud/Burglary"
2017-09-20,2017-09-01,236,236,"Theft/Fraud/Burglary"
2017-05-23,2017-05-01,370,370,"Other"
2017-12-20,2017-12-01,233,233,"Theft/Fraud/Burglary"
2017-04-28,2017-04-01,351,351,"Drug/Weapons Violation"
2017-09-14,2017-09-01,351,351,"Drug/Weapons Violation"
2017-10-16,2017-10-01,351,351,"Drug/Weapons Violation"
2017-09-23,2017-09-01,290,290,"Vandalism"
2017-04-20,2017-04-01,290,290,"Vandalism"
2017-06-20,2017-06-01,238,238,"Theft/Fraud/Burglary"
2017-10-25,2017-10-01,240,240,"Theft/Fraud/Burglary"
2017-09-20,2017-09-01,351,351,"Drug/Weapons Violation"
2017-06-20,2017-06-01,238,238,"Theft/Fraud/Burglary"
2017-12-20,2017-12-01,133,133,"Intimidation"
2017-03-15,2017-03-01,233,233,"Theft/Fraud/Burglary"
2017-04-18,2017-04-01,133,133,"Intimidation"
2017-01-20,2017-01-01,238,238,"Theft/Fraud/Burglary"
2017-07-19,2017-07-01,290,290,"Vandalism"
2017-11-20,2017-11-01,132,132,"Assault"
2017-04-20,2017-04-01,220,220,"Theft/Fraud/Burglary"
2017-11-24,2017-11-01,351,351,"Drug/Weapons Violation"
2017-10-23,2017-10-01,233,233,"Theft/Fraud/Burglary"
2017-07-30,2017-07-01,351,351,"Drug/Weapons Violation"
2017-12-21,2017-12-01,236,236,"Theft/Fraud/Burglary"
2017-12-14,2017-12-01,233,233,"Theft/Fraud/Burglary"
2017-10-20,2017-10-01,351,351,"Drug/Weapons Violation"
2017-05-20,2017-05-01,238,238,"Theft/Fraud/Burglary"
2017-06-20,2017-06-01,133,133,"Intimidation"
2017-04-20,2017-04-01,220,220,"Theft/Fraud/Burglary"
2017-06-20,2017-06-01,233,233,"Theft/Fraud/Burglary"
2017-05-20,2017-05-01,114,114,"Sexual Offense"
2017-05-20,2017-05-01,233,233,"Theft/Fraud/Burglary"
2017-02-20,2017-02-01,250,250,"Theft/Fraud/Burglary"
2017-04-24,2017-04-01,351,351,"Drug/Weapons Violation"
2017-03-20,2017-03-01,351,351,"Drug/Weapons Violation"
2017-12-17,2017-12-01,351,351,"Drug/Weapons Violation"
2017-07-20,2017-07-01,351,351,"Drug/Weapons Violation"
2017-11-30,2017-11-01,351,351,"Drug/Weapons Violation"
2017-09-20,2017-09-01,132,132,"Assault"
2017-01-30,2017-01-01,220,220,"Theft/Fraud/Burglary"
2017-09-20,2017-09-01,132,132,"Assault"
2017-04-20,2017-04-01,240,240,"Theft/Fraud/Burglary"
2017-11-18,2017-11-01,351,351,"Drug/Weapons Violation"
2017-01-22,2017-01-01,351,351,"Drug/Weapons Violation"
2017-11-29,2017-11-01,290,290,"Vandalism"
2017-07-18,2017-07-01,351,351,"Drug/Weapons Violation"
2017-01-20,2017-01-01,351,351,"Drug/Weapons Violation"
2017-11-24,2017-11-01,233,233,"Theft/Fraud/Burglary"
2017-02-20,2017-02-01,133,133,"Intimidation"
2017-05-17,2017-05-01,132,132,"Assault"
2017-08-20,2017-08-01,133,133,"Intimidation"
2017-06-18,2017-06-01,133,133,"Intimidation"
2017-07-22,2017-07-01,290,290,"Vandalism"
2017-12-27,2017-12-01,133,133,"Intimidation"
2017-08-16,2017-08-01,131,131,"Assault"
2017-05-20,2017-05-01,238,238,"Theft/Fraud/Burglary"
2017-05-20,2017-05-01,132,132,"Assault"
2017-10-21,2017-10-01,132,132,"Assault"
2017-09-20,2017-09-01,133,133,"Intimidation"
2017-01-20,2017-01-01,280,280,"Theft/Fraud/Burglary"
2017-04-20,2017-04-01,132,132,"Assault"
2017-12-16,2017-12-01,133,133,"Intimidation"
2017-01-20,2017-01-01,290,290,"Vandalism"
2017-06-20,2017-06-01,133,133,"Intimidation"
2017-01-19,2017-01-01,133,133,"Intimidation"
2017-02-20,2017-02-01,133,133,"Intimidation"
2017-03-14,2017-03-01,132,132,"Assault"
2017-06-20,2017-06-01,261,261,"Theft/Fraud/Burglary"
2017-01-30,2017-01-01,133,133,"Intimidation"
2017-02-13,2017-02-01,131,131,"Assault"
2017-01-23,2017-01-01,132,132,"Assault"
2017-08-20,2017-08-01,220,220,"Theft/Fraud/Burglary"
2017-06-21,2017-06-01,131,131,"Assault"
2017-09-28,2017-09-01,290,290,"Vandalism"
2017-01-20,2017-01-01,236,236,"Theft/Fraud/Burglary"
2017-10-22,2017-10-01,240,240,"Theft/Fraud/Burglary"
2017-05-28,2017-05-01,132,132,"Assault"
2017-02-20,2017-02-01,131,131,"Assault"
2017-06-20,2017-06-01,111,111,"Sexual Offense"
2017-07-20,2017-07-01,133,133,"Intimidation"
2017-11-20,2017-11-01,133,133,"Intimidation"
2017-07-23,2017-07-01,352,352,"Drug/Weapons Violation"
2017-10-20,2017-10-01,238,238,"Theft/Fraud/Burglary"
2017-03-20,2017-03-01,238,238,"Theft/Fraud/Burglary"
2017-11-18,2017-11-01,238,238,"Theft/Fraud/Burglary"
2017-05-21,2017-05-01,220,220,"Theft/Fraud/Burglary"
2017-08-27,2017-08-01,132,132,"Assault"
2017-08-22,2017-08-01,240,240,"Theft/Fraud/Burglary"
2017-07-27,2017-07-01,238,238,"Theft/Fraud/Burglary"
2017-04-16,2017-04-01,238,238,"Theft/Fraud/Burglary"
2017-10-17,2017-10-01,250,250,"Theft/Fraud/Burglary"
2017-02-28,2017-02-01,238,238,"Theft/Fraud/Burglary"
2017-05-21,2017-05-01,236,236,"Theft/Fraud/Burglary"
2017-04-17,2017-04-01,132,132,"Assault"
2017-09-20,2017-09-01,131,131,"Assault"
2017-12-20,2017-12-01,131,131,"Assault"
2017-07-25,2017-07-01,111,111,"Sexual Offense"
2017-06-28,2017-06-01,290,290,"Vandalism"
2017-07-20,2017-07-01,131,131,"Assault"
2017-01-15,2017-01-01,234,234,"Theft/Fraud/Burglary"
2017-07-31,2017-07-01,111,111,"Sexual Offense"
2017-06-20,2017-06-01,133,133,"Intimidation"
2017-05-13,2017-05-01,114,114,"Sexual Offense"
2017-04-21,2017-04-01,131,131,"Assault"
2017-01-30,2017-01-01,111,111,"Sexual Offense"
2017-07-26,2017-07-01,131,131,"Assault"
2017-03-20,2017-03-01,133,133,"Intimidation"
2017-08-24,2017-08-01,132,132,"Assault"
2017-12-16,2017-12-01,236,236,"Theft/Fraud/Burglary"
2017-02-20,2017-02-01,290,290,"Vandalism"
2017-12-20,2017-12-01,132,132,"Assault"
2017-03-20,2017-03-01,352,352,"Drug/Weapons Violation"
2017-02-20,2017-02-01,233,233,"Theft/Fraud/Burglary"
2017-11-14,2017-11-01,352,352,"Drug/Weapons Violation"
2017-10-20,2017-10-01,351,351,"Drug/Weapons Violation"
2017-12-23,2017-12-01,352,352,"Drug/Weapons Violation"
2017-12-20,2017-12-01,133,133,"Intimidation"
2017-09-17,2017-09-01,132,132,"Assault"
2017-03-20,2017-03-01,131,131,"Assault"
2017-01-20,2017-01-01,132,132,"Assault"
2017-09-23,2017-09-01,133,133,"Intimidation"
2017-12-28,2017-12-01,351,351,"Drug/Weapons Violation"
2017-10-18,2017-10-01,351,351,"Drug/Weapons Violation"
2017-02-20,2017-02-01,132,132,"Assault"
2017-06-24,2017-06-01,133,133,"Intimidation"
2017-02-15,2017-02-01,233,233,"Theft/Fraud/Burglary"
2017-03-20,2017-03-01,131,131,"Assault"
2017-05-19,2017-05-01,238,238,"Theft/Fraud/Burglary"
2017-09-20,2017-09-01,133,133,"Intimidation"
2017-04-18,2017-04-01,290,290,"Vandalism"
2017-06-13,2017-06-01,132,132,"Assault"
2017-02-26,2017-02-01,351,351,"Drug/Weapons Violation"
2017-04-20,2017-04-01,220,220,"Theft/Fraud/Burglary"
2017-10-22,2017-10-01,131,131,"Assault"
2017-07-21,2017-07-01,132,132,"Assault"
2017-05-20,2017-05-01,120,120,"Theft/Fraud/Burglary"
2017-05-20,2017-05-01,240,240,"Theft/Fraud/Burglary"
2017-04-22,2017-04-01,290,290,"Vandalism"
2017-10-31,2017-10-01,132,132,"Assault"
2017-05-31,2017-05-01,133,133,"Intimidation"
2017-08-30,2017-08-01,240,240,"Theft/Fraud/Burglary"
2017-07-20,2017-07-01,131,131,"Assault"
2017-09-25,2017-09-01,132,132,"Assault"
2017-03-20,2017-03-01,132,132,"Assault"
2017-12-13,2017-12-01,233,233,"Theft/Fraud/Burglary"
2017-07-30,2017-07-01,132,132,"Assault"
2017-08-20,2017-08-01,238,238,"Theft/Fraud/Burglary"
2016-10-04,2016-10-01,238,238,"Theft/Fraud/Burglary"
2016-08-08,2016-08-01,238,238,"Theft/Fraud/Burglary"
2016-03-02,2016-03-01,234,234,"Theft/Fraud/Burglary"
2016-01-21,2016-01-01,132,132,"Assault"
2016-01-07,2016-01-01,280,280,"Theft/Fraud/Burglary"
2016-01-07,2016-01-01,280,280,"Theft/Fraud/Burglary"
2016-09-22,2016-09-01,261,261,"Theft/Fraud/Burglary"
2016-08-03,2016-08-01,238,238,"Theft/Fraud/Burglary"
2016-04-27,2016-04-01,351,351,"Drug/Weapons Violation"
2016-07-17,2016-07-01,133,133,"Intimidation"
2016-11-17,2016-11-01,234,234,"Theft/Fraud/Burglary"
2016-10-18,2016-10-01,132,132,"Assault"
2016-06-29,2016-06-01,290,290,"Vandalism"
2016-10-12,2016-10-01,351,351,"Drug/Weapons Violation"
2016-10-21,2016-10-01,520,520,"Drug/Weapons Violation"
2016-08-16,2016-08-01,290,290,"Vandalism"
2016-08-02,2016-08-01,236,236,"Theft/Fraud/Burglary"
2016-09-20,2016-09-01,290,290,"Vandalism"
2016-11-06,2016-11-01,133,133,"Intimidation"
2016-12-08,2016-12-01,351,351,"Drug/Weapons Violation"
2016-08-01,2016-08-01,114,114,"Sexual Offense"
2016-12-11,2016-12-01,220,220,"Theft/Fraud/Burglary"
2016-07-24,2016-07-01,132,132,"Assault"
2016-07-31,2016-07-01,100,100,"Theft/Fraud/Burglary"
2016-08-16,2016-08-01,132,132,"Assault"
2016-08-16,2016-08-01,132,132,"Assault"
2016-08-16,2016-08-01,132,132,"Assault"
2016-09-19,2016-09-01,132,132,"Assault"
2016-09-19,2016-09-01,132,132,"Assault"
2016-07-27,2016-07-01,238,238,"Theft/Fraud/Burglary"
2016-09-15,2016-09-01,290,290,"Vandalism"
2016-06-07,2016-06-01,351,351,"Drug/Weapons Violation"
2016-04-15,2016-04-01,290,290,"Vandalism"
2016-01-29,2016-01-01,111,111,"Sexual Offense"
2016-10-27,2016-10-01,132,132,"Assault"
2016-10-29,2016-10-01,132,132,"Assault"
2016-10-29,2016-10-01,132,132,"Assault"
2016-02-01,2016-02-01,238,238,"Theft/Fraud/Burglary"
2016-06-26,2016-06-01,261,261,"Theft/Fraud/Burglary"
2016-01-22,2016-01-01,220,220,"Theft/Fraud/Burglary"
2016-08-21,2016-08-01,234,234,"Theft/Fraud/Burglary"
2016-03-09,2016-03-01,132,132,"Assault"
2016-03-15,2016-03-01,133,133,"Intimidation"
2016-02-17,2016-02-01,238,238,"Theft/Fraud/Burglary"
2016-06-20,2016-06-01,262,262,"Theft/Fraud/Burglary"
2016-08-11,2016-08-01,220,220,"Theft/Fraud/Burglary"
2016-10-14,2016-10-01,233,233,"Theft/Fraud/Burglary"
2016-05-06,2016-05-01,220,220,"Theft/Fraud/Burglary"
2016-06-14,2016-06-01,236,236,"Theft/Fraud/Burglary"
2016-03-01,2016-03-01,133,133,"Intimidation"
2016-01-10,2016-01-01,233,233,"Theft/Fraud/Burglary"
2016-02-06,2016-02-01,290,290,"Vandalism"
2016-05-22,2016-05-01,290,290,"Vandalism"
2016-07-09,2016-07-01,290,290,"Vandalism"
2016-11-11,2016-11-01,133,133,"Intimidation"
2016-11-29,2016-11-01,220,220,"Theft/Fraud/Burglary"
2016-02-25,2016-02-01,233,233,"Theft/Fraud/Burglary"
2016-02-29,2016-02-01,266,266,"Theft/Fraud/Burglary"
2016-05-03,2016-05-01,237,237,"Theft/Fraud/Burglary"
2016-05-02,2016-05-01,133,133,"Intimidation"
2016-03-23,2016-03-01,233,233,"Theft/Fraud/Burglary"
2016-03-23,2016-03-01,233,233,"Theft/Fraud/Burglary"
2016-04-06,2016-04-01,220,220,"Theft/Fraud/Burglary"
2016-04-07,2016-04-01,220,220,"Theft/Fraud/Burglary"
2016-03-27,2016-03-01,290,290,"Vandalism"
2016-02-27,2016-02-01,233,233,"Theft/Fraud/Burglary"
2016-02-27,2016-02-01,233,233,"Theft/Fraud/Burglary"
2016-02-15,2016-02-01,240,240,"Theft/Fraud/Burglary"
2016-09-16,2016-09-01,131,131,"Assault"
2016-09-15,2016-09-01,220,220,"Theft/Fraud/Burglary"
2016-09-19,2016-09-01,133,133,"Intimidation"
2016-01-31,2016-01-01,133,133,"Intimidation"
2016-01-29,2016-01-01,240,240,"Theft/Fraud/Burglary"
2016-01-08,2016-01-01,133,133,"Intimidation"
2016-01-05,2016-01-01,220,220,"Theft/Fraud/Burglary"
2016-01-03,2016-01-01,132,132,"Assault"
2016-01-02,2016-01-01,238,238,"Theft/Fraud/Burglary"
2016-01-02,2016-01-01,131,131,"Assault"
2016-01-22,2016-01-01,133,133,"Intimidation"
2016-08-28,2016-08-01,133,133,"Intimidation"
2016-08-20,2016-08-01,220,220,"Theft/Fraud/Burglary"
2016-07-29,2016-07-01,220,220,"Theft/Fraud/Burglary"
2016-07-19,2016-07-01,238,238,"Theft/Fraud/Burglary"
2016-07-12,2016-07-01,133,133,"Intimidation"
2016-07-11,2016-07-01,133,133,"Intimidation"
2016-07-17,2016-07-01,220,220,"Theft/Fraud/Burglary"
2016-06-20,2016-06-01,220,220,"Theft/Fraud/Burglary"
2016-08-07,2016-08-01,236,236,"Theft/Fraud/Burglary"
2016-08-07,2016-08-01,236,236,"Theft/Fraud/Burglary"
2016-11-03,2016-11-01,133,133,"Intimidation"
2016-10-20,2016-10-01,238,238,"Theft/Fraud/Burglary"
2016-10-20,2016-10-01,238,238,"Theft/Fraud/Burglary"
2016-10-20,2016-10-01,238,238,"Theft/Fraud/Burglary"
2016-10-14,2016-10-01,220,220,"Theft/Fraud/Burglary"
2016-10-12,2016-10-01,238,238,"Theft/Fraud/Burglary"
2016-10-25,2016-10-01,238,238,"Theft/Fraud/Burglary"
2016-11-07,2016-11-01,133,133,"Intimidation"
2016-05-15,2016-05-01,240,240,"Theft/Fraud/Burglary"
2016-05-12,2016-05-01,236,236,"Theft/Fraud/Burglary"
2016-06-18,2016-06-01,133,133,"Intimidation"
2016-07-05,2016-07-01,131,131,"Assault"
2016-07-05,2016-07-01,131,131,"Assault"
2016-07-05,2016-07-01,131,131,"Assault"
2016-07-08,2016-07-01,236,236,"Theft/Fraud/Burglary"
2016-07-08,2016-07-01,236,236,"Theft/Fraud/Burglary"
2016-11-27,2016-11-01,236,236,"Theft/Fraud/Burglary"
2016-08-14,2016-08-01,133,133,"Intimidation"
2016-05-01,2016-05-01,133,133,"Intimidation"
2016-08-01,2016-08-01,132,132,"Assault"
2016-05-19,2016-05-01,220,220,"Theft/Fraud/Burglary"
2016-11-15,2016-11-01,132,132,"Assault"
2016-08-16,2016-08-01,133,133,"Intimidation"
2016-03-18,2016-03-01,290,290,"Vandalism"
2016-08-15,2016-08-01,132,132,"Assault"
2016-11-09,2016-11-01,238,238,"Theft/Fraud/Burglary"
2016-09-23,2016-09-01,132,132,"Assault"
2016-03-09,2016-03-01,220,220,"Theft/Fraud/Burglary"
2016-08-01,2016-08-01,370,370,"Other"
2016-08-01,2016-08-01,370,370,"Other"
2016-09-10,2016-09-01,220,220,"Theft/Fraud/Burglary"
2016-09-10,2016-09-01,220,220,"Theft/Fraud/Burglary"
2016-12-16,2016-12-01,351,351,"Drug/Weapons Violation"
2016-12-18,2016-12-01,290,290,"Vandalism"
2016-12-07,2016-12-01,220,220,"Theft/Fraud/Burglary"
2016-08-17,2016-08-01,263,263,"Theft/Fraud/Burglary"
2016-04-18,2016-04-01,133,133,"Intimidation"
2016-02-15,2016-02-01,240,240,"Theft/Fraud/Burglary"
2016-11-14,2016-11-01,238,238,"Theft/Fraud/Burglary"
2016-05-09,2016-05-01,133,133,"Intimidation"
2016-10-28,2016-10-01,263,263,"Theft/Fraud/Burglary"
2016-05-14,2016-05-01,132,132,"Assault"
2016-10-08,2016-10-01,133,133,"Intimidation"
2016-10-22,2016-10-01,133,133,"Intimidation"
2016-07-08,2016-07-01,132,132,"Assault"
2016-03-20,2016-03-01,133,133,"Intimidation"
2016-06-12,2016-06-01,132,132,"Assault"
2016-11-16,2016-11-01,238,238,"Theft/Fraud/Burglary"
2015-07-31,2015-07-01,133,133,"Intimidation"
2015-12-02,2015-12-01,262,262,"Theft/Fraud/Burglary"
2015-11-23,2015-11-01,270,270,"Theft/Fraud/Burglary"
2015-10-28,2015-10-01,132,132,"Assault"
2015-12-14,2015-12-01,132,132,"Assault"
2015-03-30,2015-03-01,351,351,"Drug/Weapons Violation"
2015-01-24,2015-01-01,238,238,"Theft/Fraud/Burglary"
2015-01-24,2015-01-01,238,238,"Theft/Fraud/Burglary"
2015-01-21,2015-01-01,236,236,"Theft/Fraud/Burglary"
2015-11-24,2015-11-01,220,220,"Theft/Fraud/Burglary"
2015-07-16,2015-07-01,351,351,"Drug/Weapons Violation"
2015-09-17,2015-09-01,133,133,"Intimidation"
2015-05-27,2015-05-01,351,351,"Drug/Weapons Violation"
2015-09-07,2015-09-01,250,250,"Theft/Fraud/Burglary"
2015-10-12,2015-10-01,133,133,"Intimidation"
2015-01-04,2015-01-01,133,133,"Intimidation"
2015-01-04,2015-01-01,133,133,"Intimidation"
2015-08-30,2015-08-01,132,132,"Assault"
2015-07-06,2015-07-01,236,236,"Theft/Fraud/Burglary"
2015-11-10,2015-11-01,240,240,"Theft/Fraud/Burglary"
2015-01-07,2015-01-01,220,220,"Theft/Fraud/Burglary"
2015-04-16,2015-04-01,233,233,"Theft/Fraud/Burglary"
2015-05-02,2015-05-01,132,132,"Assault"
2015-12-13,2015-12-01,290,290,"Vandalism"
2015-09-15,2015-09-01,133,133,"Intimidation"
2015-07-29,2015-07-01,238,238,"Theft/Fraud/Burglary"
2015-09-13,2015-09-01,132,132,"Assault"
2015-05-11,2015-05-01,290,290,"Vandalism"
2015-06-22,2015-06-01,238,238,"Theft/Fraud/Burglary"
2015-06-09,2015-06-01,238,238,"Theft/Fraud/Burglary"
2015-03-08,2015-03-01,232,232,"Theft/Fraud/Burglary"
2015-02-08,2015-02-01,290,290,"Vandalism"
2015-11-27,2015-11-01,133,133,"Intimidation"
2015-12-29,2015-12-01,238,238,"Theft/Fraud/Burglary"
2015-04-27,2015-04-01,133,133,"Intimidation"
2015-05-09,2015-05-01,120,120,"Theft/Fraud/Burglary"
2015-05-09,2015-05-01,220,220,"Theft/Fraud/Burglary"
2015-04-19,2015-04-01,238,238,"Theft/Fraud/Burglary"
2015-03-23,2015-03-01,238,238,"Theft/Fraud/Burglary"
2015-04-10,2015-04-01,220,220,"Theft/Fraud/Burglary"
2015-02-26,2015-02-01,234,234,"Theft/Fraud/Burglary"
2015-09-07,2015-09-01,220,220,"Theft/Fraud/Burglary"
2015-09-07,2015-09-01,220,220,"Theft/Fraud/Burglary"
2015-09-19,2015-09-01,290,290,"Vandalism"
2015-01-10,2015-01-01,120,120,"Theft/Fraud/Burglary"
2015-01-10,2015-01-01,120,120,"Theft/Fraud/Burglary"
2015-01-10,2015-01-01,120,120,"Theft/Fraud/Burglary"
2015-01-10,2015-01-01,120,120,"Theft/Fraud/Burglary"
2015-01-10,2015-01-01,120,120,"Theft/Fraud/Burglary"
2015-01-10,2015-01-01,220,220,"Theft/Fraud/Burglary"
2015-08-24,2015-08-01,220,220,"Theft/Fraud/Burglary"
2015-08-29,2015-08-01,290,290,"Vandalism"
2015-08-28,2015-08-01,240,240,"Theft/Fraud/Burglary"
2015-08-14,2015-08-01,133,133,"Intimidation"
2015-08-08,2015-08-01,238,238,"Theft/Fraud/Burglary"
2015-08-29,2015-08-01,133,133,"Intimidation"
2015-08-17,2015-08-01,133,133,"Intimidation"
2015-08-15,2015-08-01,133,133,"Intimidation"
2015-08-21,2015-08-01,290,290,"Vandalism"
2015-09-01,2015-09-01,133,133,"Intimidation"
2015-07-26,2015-07-01,236,236,"Theft/Fraud/Burglary"
2015-07-17,2015-07-01,290,290,"Vandalism"
2015-07-14,2015-07-01,220,220,"Theft/Fraud/Burglary"
2015-07-16,2015-07-01,290,290,"Vandalism"
2015-08-01,2015-08-01,133,133,"Intimidation"
2015-07-18,2015-07-01,234,234,"Theft/Fraud/Burglary"
2015-07-10,2015-07-01,238,238,"Theft/Fraud/Burglary"
2015-08-05,2015-08-01,133,133,"Intimidation"
2015-10-12,2015-10-01,233,233,"Theft/Fraud/Burglary"
2015-10-13,2015-10-01,220,220,"Theft/Fraud/Burglary"
2015-05-29,2015-05-01,220,220,"Theft/Fraud/Burglary"
2015-05-30,2015-05-01,120,120,"Theft/Fraud/Burglary"
2015-05-30,2015-05-01,290,290,"Vandalism"
2015-05-30,2015-05-01,290,290,"Vandalism"
2015-05-24,2015-05-01,290,290,"Vandalism"
2015-05-22,2015-05-01,133,133,"Intimidation"
2015-05-17,2015-05-01,133,133,"Intimidation"
2015-05-16,2015-05-01,290,290,"Vandalism"
2015-05-29,2015-05-01,290,290,"Vandalism"
2015-05-29,2015-05-01,290,290,"Vandalism"
2015-05-27,2015-05-01,133,133,"Intimidation"
2015-06-23,2015-06-01,131,131,"Assault"
2015-07-02,2015-07-01,220,220,"Theft/Fraud/Burglary"
2015-07-03,2015-07-01,133,133,"Intimidation"
2015-06-12,2015-06-01,120,120,"Theft/Fraud/Burglary"
2015-06-12,2015-06-01,120,120,"Theft/Fraud/Burglary"
2015-06-12,2015-06-01,120,120,"Theft/Fraud/Burglary"
2015-06-27,2015-06-01,290,290,"Vandalism"
2015-06-27,2015-06-01,133,133,"Intimidation"
2015-11-15,2015-11-01,133,133,"Intimidation"
2015-11-15,2015-11-01,133,133,"Intimidation"
2015-01-17,2015-01-01,133,133,"Intimidation"
2015-01-17,2015-01-01,133,133,"Intimidation"
2015-01-17,2015-01-01,133,133,"Intimidation"
2015-10-21,2015-10-01,290,290,"Vandalism"
2015-10-06,2015-10-01,240,240,"Theft/Fraud/Burglary"
2015-11-26,2015-11-01,262,262,"Theft/Fraud/Burglary"
2015-08-13,2015-08-01,351,351,"Drug/Weapons Violation"
2015-12-03,2015-12-01,351,351,"Drug/Weapons Violation"
2015-01-26,2015-01-01,290,290,"Vandalism"
2015-02-19,2015-02-01,220,220,"Theft/Fraud/Burglary"
2015-01-21,2015-01-01,290,290,"Vandalism"
2015-01-20,2015-01-01,238,238,"Theft/Fraud/Burglary"
2015-05-28,2015-05-01,238,238,"Theft/Fraud/Burglary"
2015-04-25,2015-04-01,233,233,"Theft/Fraud/Burglary"
2015-01-11,2015-01-01,233,233,"Theft/Fraud/Burglary"
2015-05-12,2015-05-01,238,238,"Theft/Fraud/Burglary"
2015-11-18,2015-11-01,351,351,"Drug/Weapons Violation"
2015-01-29,2015-01-01,131,131,"Assault"
2015-01-29,2015-01-01,131,131,"Assault"
2015-04-14,2015-04-01,238,238,"Theft/Fraud/Burglary"
2015-10-08,2015-10-01,132,132,"Assault"
2015-12-02,2015-12-01,351,351,"Drug/Weapons Violation"
2015-12-01,2015-12-01,233,233,"Theft/Fraud/Burglary"
2015-11-07,2015-11-01,290,290,"Vandalism"
2015-08-17,2015-08-01,240,240,"Theft/Fraud/Burglary"
2015-07-10,2015-07-01,132,132,"Assault"
2015-04-26,2015-04-01,132,132,"Assault"
2015-05-23,2015-05-01,132,132,"Assault"
2015-05-23,2015-05-01,132,132,"Assault"
2015-05-23,2015-05-01,132,132,"Assault"
2015-05-23,2015-05-01,132,132,"Assault"
2015-09-15,2015-09-01,233,233,"Theft/Fraud/Burglary"
2015-06-21,2015-06-01,100,100,"Theft/Fraud/Burglary"
2015-06-02,2015-06-01,132,132,"Assault"
2015-12-04,2015-12-01,240,240,"Theft/Fraud/Burglary"
2015-07-26,2015-07-01,236,236,"Theft/Fraud/Burglary"
2015-01-13,2015-01-01,133,133,"Intimidation"
2015-12-20,2015-12-01,238,238,"Theft/Fraud/Burglary"
2015-08-05,2015-08-01,238,238,"Theft/Fraud/Burglary"
2015-02-15,2015-02-01,240,240,"Theft/Fraud/Burglary"
2015-02-22,2015-02-01,290,290,"Vandalism"
2015-03-04,2015-03-01,132,132,"Assault"
2015-09-27,2015-09-01,131,131,"Assault"
2015-05-21,2015-05-01,132,132,"Assault"
2015-10-05,2015-10-01,132,132,"Assault"
2015-08-31,2015-08-01,263,263,"Theft/Fraud/Burglary"
